author,subreddit,postLink,commentCount,upvoteCount
dbmeed,r/functionalprint,https://www.reddit.com/r/functionalprint/comments/1j7zc9o/treadmill_desk/,20,881
josephjnk,r/WFH,https://www.reddit.com/r/WFH/comments/10sopco/do_people_who_have_used_treadmill_desks_recommend/,18,22
gherkin-sweat,r/redneckengineering,https://www.reddit.com/r/redneckengineering/comments/14at7nq/i_was_too_cheap_to_buy_a_treadmill_desk/,64,1724
Cold-Courage8360,r/walking,https://www.reddit.com/r/walking/comments/1jq81dr/for_those_considering_a_walking_pad_75miles_in_31/,185,5326
nerdcorner,r/xxfitness,https://www.reddit.com/r/xxfitness/comments/xfqg0o/pros_and_cons_of_using_treadmill_desk/,48,164
GreyscaleZone,r/walking,https://www.reddit.com/r/walking/comments/1ib085a/treadmill_desk_since_2016/,22,25
Vapor2077,r/xxfitness,https://www.reddit.com/r/xxfitness/comments/17wq8d6/has_anyone_ever_used_a_desk_treadmill/,97,126
finance9754,r/MoneyDiariesACTIVE,https://www.reddit.com/r/MoneyDiariesACTIVE/comments/1i5cbzx/work_from_home_friends_any_recommendations_for/,13,9
CobraKai5807,r/WFH,https://www.reddit.com/r/WFH/comments/1hnkikd/do_any_of_you_find_value_in_an_under_the_desk/,254,228
Shockz187,r/treadmills,https://www.reddit.com/r/treadmills/comments/1i87r91/need_under_desk_treadmill_that_will_last_years/,11,8
a3pulley,r/BeginnerWoodWorking,https://www.reddit.com/r/BeginnerWoodWorking/comments/1gbak07/couldnt_find_a_good_offtheshelf_desk_for_my/,39,821
JohnWilson7777,r/workfromhome,https://www.reddit.com/r/workfromhome/comments/1jji6eh/walking_while_working_tips_for_using_a_treadmill/,49,59
Kitty60088,r/CasualUK,https://www.reddit.com/r/CasualUK/comments/1if1m35/under_desk_walking_padstreadmill/,34,33
melbats,r/xxfitness,https://www.reddit.com/r/xxfitness/comments/1f2b2f6/desk_treadmill_tipssuggestionsadvice_please/,47,30
JohnWilson7777,r/WFH,https://www.reddit.com/r/WFH/comments/1jji1sa/walking_while_working_tips_for_using_a_treadmill/,16,124
Peace-Goal1976,r/WFH,https://www.reddit.com/r/WFH/comments/1bfkt91/desk_treadmillworth_it/,210,112
HoratioWobble,r/homegym,https://www.reddit.com/r/homegym/comments/1fb4enq/built_a_fake_floor_for_my_under_desk_treadmill/,57,236
Civil-Blacksmith1917,r/workfromhome,https://www.reddit.com/r/workfromhome/comments/1el1qrw/how_many_of_you_guys_have_a_treadmill_under_a/,68,48
oughandoge,r/treadmills,https://www.reddit.com/r/treadmills/comments/12jtfzo/need_a_standing_desk_treadmill_are_the_cheap_ones/,25,20
EquivalentIll7665,r/Apartmentliving,https://www.reddit.com/r/Apartmentliving/comments/1iueepj/the_person_above_me_seems_to_have_a_treadmill_or/,67,2
Outside_Sugar_2594,r/CanadaPublicServants,https://www.reddit.com/r/CanadaPublicServants/comments/1hvalhp/can_we_have_under_desk_treadmills/,93,81
peppermcneil8,r/battlestations,https://www.reddit.com/r/battlestations/comments/127qbio/treadmill_pull_up_bar_rack_desk/,162,2100
cgtcolombia,r/workingmoms,https://www.reddit.com/r/workingmoms/comments/1b6b9r1/best_under_desk_treadmill_recommendations_for_wfh/,18,79
Philly4Sure,r/Biohackers,https://www.reddit.com/r/Biohackers/comments/1hzz53x/questions_on_under_desk_treadmillswalking_pads/,29,9
Wise-Increase2453,r/walking,https://www.reddit.com/r/walking/comments/176jc1n/recommendations_on_an_under_the_desk_treadmill/,32,71
Original_Importance3,r/LifeProTips,https://www.reddit.com/r/LifeProTips/comments/1i683wm/lpt_if_thinking_about_getting_a_standing_desk_get/,89,1427
Carolinete,r/walking,https://www.reddit.com/r/walking/comments/1gwo9ul/best_under_desk_treadmills_in_2025/,9,80
GoBigRed07,r/StandingDesk,https://www.reddit.com/r/StandingDesk/comments/zxnbrm/people_who_have_purchased_an_underdesk_treadmill/,81,94
unwelcome_frown15,r/StandingDesks,https://www.reddit.com/r/StandingDesks/comments/1iezf7a/what_is_the_best_under_desk_treadmill_to_buy/,22,29
Wise-Increase2453,r/walking,https://www.reddit.com/r/walking/comments/176jc1n/recommendations_on_an_under_the_desk_treadmill/,33,71
JohnWilson7777,r/WFH,https://www.reddit.com/r/WFH/comments/1jji1sa/walking_while_working_tips_for_using_a_treadmill/,16,124
TheSiege82,r/AppleWatch,https://www.reddit.com/r/AppleWatch/comments/1aprju3/i_walk_12_miles_a_day_at_my_standing_desk/,78,71
buttfacedmiscreant11,r/AskUK,https://www.reddit.com/r/AskUK/comments/17zuuio/do_you_have_a_walking_padunder_desk_treadmill/,79,89
[deleted],r/remotework,https://www.reddit.com/r/remotework/comments/17wpr5g/why_are_desk_treadmills_such_terrible_quality/,34,30
BlacksmithMuted351,r/productivity,https://www.reddit.com/r/productivity/comments/1k2ms6w/does_using_a_treadmill_under_a_standing_desk/,13,4
Kamren347,r/StandingDesks,https://www.reddit.com/r/StandingDesks/comments/17mneyw/best_under_desk_treadmill_in_20232024/,36,141
nerdcorner,r/productivity,https://www.reddit.com/r/productivity/comments/xfr87p/do_treadmill_desk_actually_boost_productivity/,78,149
Thick-Ask5250,r/WFH,https://www.reddit.com/r/WFH/comments/14vvy1b/has_anyone_lost_weight_using_an_under_desk/,85,48
Undercoverkween,r/work,https://www.reddit.com/r/work/comments/13vqy5w/is_it_appropriate_to_ask_for_a_treadmill_desk/,163,44
Shahz1892,r/WFH,https://www.reddit.com/r/WFH/comments/1ik86v4/the_best_under_desk_treadmill_to_buy/,9,15
PenelopeSchwartz,r/workfromhome,https://www.reddit.com/r/workfromhome/comments/18vgvb0/be_honest_under_desk_treadmill_walking/,140,122
immaterialist,r/DIY,https://www.reddit.com/r/DIY/comments/87v1wm/built_a_desk_for_my_treadmill_to_accommodate_new/,256,6479
emielvangoor,r/GarminWatches,https://www.reddit.com/r/GarminWatches/comments/1fubv36/counting_steps_on_a_garmin_watch_while_using_a/,42,7
tylercruz,r/Fitness,https://www.reddit.com/r/Fitness/comments/a86avx/questions_for_treadmill_desk_users/,112,381
hell1987,r/loseit,https://www.reddit.com/r/loseit/comments/rbnh6m/treadmill_desks_are_a_gamechanger/,54,192
BronxLens,r/WFH,https://www.reddit.com/r/WFH/comments/1azxzjk/using_a_treadmill_under_the_workdesk/,33,48
KindManagement9799,r/treadmills,https://www.reddit.com/r/treadmills/comments/17wi48n/best_walking_pad_or_under_desk_treadmill/,13,295
Ohboyuh,r/WFH,https://www.reddit.com/r/WFH/comments/1f0gig8/looking_for_suggestions_for_a_quiet_under_desk/,17,5
sabado225,r/Fitness,https://www.reddit.com/r/Fitness/comments/5psznv/people_who_bought_under_desk_treadmills/,111,421
lefnire,r/treadmills,https://www.reddit.com/r/treadmills/comments/v5l30p/walking_desks_how_bad_are_the_cheaps_vs_the/,196,356
weighthacker,r/loseit,https://www.reddit.com/r/loseit/comments/umft7/here_are_pictures_of_the_treadmill_computer_desk/,127,590
lefnire,r/productivity,https://www.reddit.com/r/productivity/comments/w031vw/for_adhd_tech_people_treadmill_desk/,53,303
Fairelabise17,r/WFH,https://www.reddit.com/r/WFH/comments/199089l/my_under_desk_treadmill_journey_2024/,28,28
