Product Name,Rating,Rating Count,Price
"Walking Pad Treadmill with Handle bar, 3.0HP Small Foldable Treadmills for Home with APP Remote Control and LED Display, 7.5MPH Portable Treadmill 300 Lbs Capacity",5.0 out of 5 stars,20,179.99
"FYC Treadmills for Home, Foldable Treadmill with APP Control, 2.5HP Compact Portable Treadmill for Home Small",5.0 out of 5 stars,3,279.99
NordicTrack T Series,4.3 out of 5 stars,"34,920",799.99
"CURSOR FITNESS Home Folding Treadmill with Pulse Sensor, 2.5 HP Quiet Brushless, 7.5 MPH, 265 LBS Capacity",4.3 out of 5 stars,"2,291",269.99
"Walking Pad Treadmill with Incline, 2 in 1 Foldable Treadmills for Home Small Office, 300lbs Portable Compact Under Desk Treadmill with App, Remote Control and LED Display",4.4 out of 5 stars,541,186.94
"Sperax Walking Vibration Pad with APP, 3 in 1 Under Desk Treadmill, 2.5HP Low Noise Walking Treadmill Pad with Remote Control,Portable Treadmills for Home Office",4.3 out of 5 stars,"4,239",169.99
"Pro Runner X Treadmill - Heavy Duty Home Construction - FreeSync FTMS Bluetooth Connectivity - Low 6.5"" Step-up Height - Foldable Compact Storage - Orthopedic Belt - 350 lb Capacity",4.4 out of 5 stars,133,"2,299.00"
"Treadmills for Home, 3.0HP Quiet Brushless Folding Treadmill with Heart Rate Sensor, Dual Cushion System, 300lbs Weight Capacity, Holder for Cup & Phone",4.3 out of 5 stars,805,233.99
"Treadmill with Handle, 3.0HP Treadmills for Home Small Spaces,Electric Portable Foldable treadmills with LED Display, Walking Pad Treadmill with Handle,Compact Walking Treadmills with 320 LBS Capacity",3.6 out of 5 stars,154,178.49
"UMAY Fitness Home Folding Incline Treadmill with Pulse Sensors, 3.0 HP Quiet Brushless, 300 lbs Capacity (Black or Gray)",4.4 out of 5 stars,"1,505",339.98
"Portable Foldable Treadmills for Home, Small Folding Treadmill for Home Office with 300 LBS Capacity, Walking Running Exercise Electric Compact Treadmill with LED Display",4.2 out of 5 stars,187,189.99
"WELLFIT Treadmill with Incline, Home Heavyduty Treadmill with Pulse Sensor, 4.0 HP, 10 MPH, 450 lbs Capacity, Large Running Area Treadmills with Bluetooth Player & LED Display",4.2 out of 5 stars,8,"1,299.99"
"Treadmills for Home, 3.0HP Folding Treadmill with Incline, Small Space Portable Running Machine, 240 Lbs Capacity with 12 Preset PROG, LED Display, Speaker and Cup Holder",4.3 out of 5 stars,484,229.99
"Treadmill for Home with Incline Folding Treadmills Running Machine for Small Spaces with Handle 300 LB, 3.0 HP, 7.5 MPH Foldable Treadmill with App",4.8 out of 5 stars,56,186.98
"RHYTHM FUN Treadmills for Home, 8.0 MPH Walking Pad Treadmill with Incline up to 8%, Foldable Treadmill with Handles, Low Noise Walking Pad for 300 lbs",4.0 out of 5 stars,51,269.99
"Treadmills for Home, Treadmill with 0-15% Auto Incline, 3HP Folding Treadmills for Running Walking with 300LBS Weight Capacity, Incline Treadmill Equipped with Bluetooth & Pulse Monitor",4.4 out of 5 stars,318,419.99
"THERUN Incline Treadmill for Running and Walking, 300 lbs Weight Capacity Folding Treadmill with 0-15% Auto Incline, Wide Belt, 3.5HP, App, Heart Rate",4.3 out of 5 stars,741,449.99
"THERUN Walking Pad, 2.5 HP Under Desk, 2 in 1 Foldable for Home, Walking Pad with Handle Bar, 15"" Widened Running Belt with Remote Control & LED Touch Screen",4.2 out of 5 stars,"2,101",159.99
"Walking Pad Treadmill, Anylife Incline Walking Pads Under Desk 265lb Capacity, 2.5HP Portable Treadmills for Home, Compact Treadmill Small Running Pad with LED Display, Remote Control",4.3 out of 5 stars,429,99.99
"Walking Pad Treadmill with 12% 9-Level Auto Incline, 450 lbs Capacity and RGB LED Screen Under Desk Treadmill with Hiking Mode, Compact Treadmills for Home Small/Office",4.8 out of 5 stars,469,296
"Walking Pad with Handle, 3.0HP Walking pad Treadmill, 3 in 1 Portable Under Desk Treadmill for Home,Treadmil with Handle Bar,Small Treadmills,Foldable Treadmills with Remote Control,LED Display",4.1 out of 5 stars,144,149.98
"2 Side Walking Pad with Incline Massage Function, 2 in 1 Under Desk Walking Pad and Foot Massager Treadmills for Home/Office, Portable Treadmill with Remote Control LED Display",4.7 out of 5 stars,150,179.99
"Under Desk Treadmill for Home and Office - 320lbs Weight Capacity, Quiet, Efficient, Walking Pad, Four LED Display, Space-Saving Portable Jogging Machine with Remote Control",4.2 out of 5 stars,61,159.3
"Sunny Health & Fitness Premium Folding Treadmill for Home with Adjustable Incline, Shock Absorption, Digital Monitor, Pulse Sensors, Speed Buttons, Optional Free SunnyFit App Bluetooth Connection",4.2 out of 5 stars,"2,281",424.97
Horizon Fitness Folding Treadmill,4.2 out of 5 stars,615,748.23
"SereneLife Electric Folding Treadmill Exercise Machine - Smart Compact Digital Fitness Treadmill Workout Trainer w/Bluetooth App Sync, Manual Incline Adjustment, for Walking, Running, Gym",4.1 out of 5 stars,"13,586",249.9
"THERUN Incline Treadmill, 0-12% Auto Incline Treadmill for Running and Walking, 300 lbs Weight Capacity, Wide Belt, 3.0 HP, 18"" LED Screen, 2 Layers Shock-Absorbing",4.5 out of 5 stars,133,323.99
"Treadmill with Handles, 2025 Upgraded Small Treadmills Home, Portable Electric Treadmills for Home 300 lbs Capacity,Walking Pad Treadmill,Lightweight Folding Foldable Walking Pad with LED Display",4.2 out of 5 stars,399,209.99
"Foldable Treadmill with Incline, Walking Pad with Handle Bar 3 Level Incline, Portable Folding Treadmills for Home/Office 300 Lbs Capacity, Quiet Desk Treadmill with Remote Control & APP",4.2 out of 5 stars,296,199.99
"Portable Treadmill with Handle, 3.0HP Walking Pad Treadmill, Electric Compact Treadmills,Treadmills for Home Small Space with 12 Preset Programs, Walking Pad with Handle,300 LBS Capacity",4.1 out of 5 stars,431,189.99
ProForm Carbon TLX; Treadmill for Walking and Running with Built-in Fan and SpaceSaver Design,4.5 out of 5 stars,102,999
"Under Desk Treadmill, BestGod Incline Walking Pad Treadmill, 2.5HP Portable Treadmills for Home",4.1 out of 5 stars,250,129.99
"NordicTrack Commercial Series: Premium Foldable Treadmills, Incline & Decline, iFit Enabled for Interactive Workouts, Subscription Recommended",3.8 out of 5 stars,240,"1,999.00"
"3 in 1 Treadmill, Portable Under Desk Walking Treadmill with Incline for Home/Office, Remote Control, LED Display",4.3 out of 5 stars,681,119.99
"3.0 HP Foldable Portable Folding Small Treadmills for Home Office with 300 LBS Capacity, Walking Running Exercise Electric Compact Treadmill with LED Display",4.1 out of 5 stars,85,189.99
"3 in 1 Under Desk Treadmill With Incline - Walking Pad With Removable Desk Workstation, 3.5HP Foldable Compact for Home Small Office - Wristband Remote Control",4.3 out of 5 stars,779,369.99
"Walking Pad, 2.5HP Under Desk Treadmill for Home Office, 300 Lbs Capacity Portable Treadmill with Remote Control & LED Display, 2 in 1 Treadmill for Walking Jogging and Running",4.0 out of 5 stars,273,159.99
"RUNR Foldable Treadmill - Compact Home Design, 3.0 HP Motor, Cloud Cushion & Natural Stride Tech, Bluetooth Heart Rate, 10 mph Speed, 12% Incline, 300 lb Capacity",5.0 out of 5 stars,2,"1,049.99"
"Walking Pad with Handle Bar, KEY2FUN Treadmills for Home/Office, 3.0HP Under Desk Walking Treadmill, 300 LBS Capacity Folding Treadmill with Remote Control & LED Display",4.0 out of 5 stars,12,179.99
"Walking pad, 3-in-1 Under Desk Treadmill for Home and Office, 2.5 HP Portable Walking Jogging Running Machine with Remote Control and LED Display",4.3 out of 5 stars,48,139.99
"XTERRA Fitness Sport Series Premium Folding Smart Treadmill, Handlebar Speed and Incline Controls, Large XTRASoft Cushioned Running Deck, Built-in FTMS-Enabled Bluetooth with XTERRA+ Fitness App",4.2 out of 5 stars,"2,038",939.99
"Sunny Health & Fitness Compact & Foldable Treadmill, Non-Slip Surface, Optional Dual Mode Walking/Running, Non-Electric Fixed Incline, Digital Monitor, Smart Bluetooth Connection with SunnyFit App",4.0 out of 5 stars,"10,330",335.96
"Sunny Health & Fitness Heavy Duty Treadmill for Home, 20” Wide Deck, 15 Level Auto Incline, 300 LB Weight Capacity, Foldable Running Machine, Digital Monitor, Free SunnyFit App Bluetooth Connection",4.4 out of 5 stars,"1,765",799.99
"UREVO Smart 2-in-1 Folding Treadmill, Compact Walking Pad with Safety Handle, Plug and Play, Dual LED Display, Workout APP, Walking or Running for Home Office, Remote Included",4.3 out of 5 stars,"5,708",269.99
"Horizon Fitness 7.4 at Studio Series Smart Treadmill with Bluetooth and Incline, Heavy Duty Folding Treadmill 350 lbs Weight Capacity, Pro Running Machine for Home Exercise and Running with Apps",4.1 out of 5 stars,101,"1,529.84"
"WELLFIT 10% Incline Treadmills for Home, Under Desk Walking Pad 330+lbs Weight Capacity, Foldable Treadmill for Small Space Apartment, Portable Easy to Move Upright Place, Long Stride, Space Saver",4.3 out of 5 stars,233,263.95
"Treadmill for Home, Treadmill with Handles, 3.0HP Portable Foldable Treadmills for Home,Walking Pad Treadmill with Handle Bar, Folding Compact Treadmill for Small Space,LED Dispay, 300LBS Capacity",4.3 out of 5 stars,54,189.99
"Walking Pad Under Desk Treadmill - Portable With Remote Control, 2.5HP Brushless Motorized, 2 in 1 for Home Office",4.2 out of 5 stars,494,152.99
"Under Desk Treadmill, Walking Pad for Home and Office, 2.5 HP Portable Walking Jogging Running Machine with Remote Control and LED Display",4.1 out of 5 stars,"4,650",119.99
Exerpeutic 400 Lb. Capacity Heavy-Duty Walking/Jogging Exercise Treadmill - Home Gym Workout Equipment - Foldable Under Desk Design,4.0 out of 5 stars,"1,359",309
"RHYTHM FUN Incline Foldable Treadmill, Walking Pad Treadmill with Incline, 300 lbs Portable Treadmill with Handles for Home Office Use, Under Desk Compact Treadmill with LED Display & APP",4.3 out of 5 stars,619,198.98
"ProForm Carbon TL; Treadmill for Walking and Running with 5” Display, Built-in Tablet Holder and SpaceSaver Design",4.4 out of 5 stars,279,598
"XTERRA Fitness Premium Folding Smart Treadmill, Compact Design, 250+ LB Weight Capacity, Powerful Motor, XTERRA+ Fitness App Included with Purchase",4.2 out of 5 stars,"18,786",419.04
"Sunny Health & Fitness Mini Stepper for Exercise at Home, Stair Step Workout Machine with Resistance Band, Fullbody Cardio, Upgraded Over 300lb Weight Capacity, Optional Free SunnyFit App Connection",4.4 out of 5 stars,"33,060",59.99
"Treadmill for Home, 3.0 HP Treadmill with Incline, Heart Rate Sensors, Digital Display for Walking, Running, and Indoor Fitness Workouts",4.2 out of 5 stars,796,369.99
"Incline Treadmills for Home, Treadmill with 18% Auto Incline, Heavy Duty 400LBS Capacity, Running Machine with 18.90"" Wide Belt, 0.5-12 MPH Speed, 3.5 HP, 36 Programs, APP, Bluetooth, Foldable",4.3 out of 5 stars,57,611.99
"Auto Incline Treadmill with 300 LBS Capacity, 17.5"" Wide 3 HP Folding Electric Treadmill Max 8.5 MPH Speed, Running Machine with Bluetooth Speaker & LCD Display for Home Use",4.3 out of 5 stars,215,449.99
"2025 Upgrade Walking Pad Treadmill with 8% Incline & Handle Bar, Walking Pad 3.5HP 300+ LB Capacity, Small Treadmill for Home Office, Under Desk Walking Pad Compact, 0.6-6mph, with Remote, Smart App",5.0 out of 5 stars,23,199.99
"Portable Walking Treadmill for Home & Office,0.6-3.8MPH Speed, 2.5HP Under Desk Treadmill with Remote Control, Compact Design, LED Display, 300 lbs Max Weight Capacity",4.1 out of 5 stars,51,99.99
"Walking Pad Treadmill with Incline,Treadmills for Home and Office,340 Lb Capacity,4 in 1 Portable Under Desk Treadmill with APP and Remote Control,Large LED Display",4.4 out of 5 stars,633,289.99
"UMAY Fitness Rehab Treadmill with Extended Handrails & Belt for Safety & Balance, 0.1 Increment for Start & Stop, Pulse Sensors, 3 Level Incline, Auto-Folding Home Recovery Treadmill, 300 LBS Capacity",4.6 out of 5 stars,142,399.99
"UREVO Walking Pad Treadmills for Home Office, Under Desk Compact Design Treadmill Portable Walking Pad Treadmill with Remote Control, LED Display",4.3 out of 5 stars,"2,048",249.99
"Sperax Treadmill,Walking Pad,Under Desk Treadmill,3 in 1 Folding Treadmills,Treadmills for Home,Black Red",4.2 out of 5 stars,"2,294",227.99
"UREVO Smart Walking Pad, Compact Under Desk Treadmill with Double Shock Absorption, Quiet Operation, Workout APP with Track Insights and MIIT Mode, Plug and Play, Remote or APP Control for Home Office",4.3 out of 5 stars,242,139.99
"OMA Treadmill with Incline, Treadmills for Home 7200EA with 300 lb Capacity, Portable Treadmill for Home Office, 3HP Compact Treadmill for Walking Running with Wide Belt, LED Display, Pulse Sensors",4.0 out of 5 stars,46,479.99
"FYC Folding Treadmill with Handles, Treadmills for Home Small Spaces, 2.5HP Foldable Treadmills with LED Display, 300 LBS Capacity, Walking Pad Treadmill with Handle Bar",5.0 out of 5 stars,2,299.99
"Walking Pad with Incline, Incline Treadmills for Home, 2.5 HP Under Desk Treadmill Small with Remote Control, Walking Pad Small Treadmill with LED Display",4.3 out of 5 stars,"2,220",139.99
"2 in 1 Foldable Treadmill for Home, Under Desk With 12 HIIT Modes, Workout APPs and Touch Screen, 2.5HP Walking for Home Office, 265lbs Capacity, Installation-free",4.3 out of 5 stars,167,254.96
"Walking Pad, Under Desk Treadmill with Incline, 300 Lbs Capacity Portable Treadmill for Home Office, 2 in 1 Mini Desk Treadmill with Remote Control, LED Display",4.1 out of 5 stars,126,189.99
"Treadmills for Home Small Office, 3 in 1 Portable Walking Pad Treadmill, Strolling Walking Running Machine, APP/Remote Control, 265lbs Capacity",4.4 out of 5 stars,143,247.19
"Elseluck Walking Pad, Under Desk Treadmill for Home Office, 2 in 1 Portable Walking Treadmill with Remote Control, Walking Jogging Machine in LED Display",4.1 out of 5 stars,685,99.99
"Walking Pad Treadmill with Incline, 3 in 1 Under Desk Treadmill 300lbs Capacity with Handle Bar & Removable Desk Workstation, 3.5HP Compact Foldable Treadmill for Home Office with Remote Control",4.7 out of 5 stars,181,379.97
"Walking Pad Treadmill, Under Desk Treadmill for Home and Office, Electric Portable Walking Pad with LED Display Remote Control, 2.5 HP 300 lbs Capacity",4.8 out of 5 stars,104,199.99
"Treadmill with Desk Workstation, Walking Treadmill Pad, Portable Desk Treadmills for Home Small, Foldable Walking Pad with Handle Bar",5.0 out of 5 stars,16,199.99
"Portable Treadmills for Home, Electric Walking Pad Treadmill with 12 Preset Programs, 3.0HP Treadmill with Handle for Small Home, Waking Pad,Compact Running Treadmills with 320LBS Capacity",4.3 out of 5 stars,218,209.99
"Treadmills for Home Use, Walking Pad Treadmill with Incline, Auto Foldable Treadmill for Home, 8.0 MPH Running Treadmill with Bluetooth Enabled, 300 lbs User Capacity",4.1 out of 5 stars,107,299.99
"GOYOUTH 2 in 1 Under Desk Electric Treadmill Motorized Exercise Machine with Wireless Speaker, Remote Control and LED Display, Walking Jogging Machine for Home/Office Use",4.1 out of 5 stars,"1,954",289.99
"UREVO Smart Treadmill with 9% Incline, 3-in-1 Walking Pad Treadmill for Home & Office, Runner-Focused Design, Auto Incline, Dual Display, Plug & Play",4.3 out of 5 stars,786,522.99
"Walking Pad Treadmill with 9% 4-Level Auto Incline, 300LBS Capacity Under Desk Treadmill, Compact Treadmills for Home Small/Office",4.6 out of 5 stars,56,249.99
"Treadmills for Home, Foldable Treadmill, Wide Shock Absorption Deck for Walking or Running, 300 LBS Weight Capacity, Bluetooth Enable, LED Display| R5PRO 12% R7 R9 18% Auto Incline",4.1 out of 5 stars,500,449
"Walking Pad with Auto Incline, Under Desk Folding Treadmill with Remote Control and LED Display for Home Office, 2.5HP Portable Walking Jogging Running Machine, 300 LB Capacity",4.4 out of 5 stars,226,399.99
"3 in 1 Foldable Treadmill with Desk Workstation - 3.0HP & 350 lb Capacity, Under Desk Treadmill with Incline for Home Small, Smart Voice Control & App & Remote Control, 2s Folding",4.3 out of 5 stars,38,279.99
"Sunny Health & Fitness Endurance Cardio Running Walking Treadmill with Extended Safety Handrails, Wide Deck, Shock Absorption, Digital Monitor, Optional Free SunnyFit® App Bluetooth Connection",4.4 out of 5 stars,831,799.99
"DeerRun Treadmills for Home, 3.5HP Folding Treadmill with Incline, 350 LBS Weight Capacity, Compact Portable Treadmill for Small Space Walking Jogging Running",4.1 out of 5 stars,238,339.99
NordicTrack Commercial Incline Treadmill with Luxury Touchscreen and 30-Day iFIT Pro Membership,2.2 out of 5 stars,35,"4,365.89"
"Curved Treadmill, QZD-103, Non-Electric, 300 LBS Capacity, Foldable (New Folding Technology), LED Display, Black",5.0 out of 5 stars,4,"1,399.00"
"SOLE Fitness F63, F65, F80, F85, TT8 Treadmill With Incline, Bluetooth, Foldable Option - For Home, Work From Home Fitness, Running and Walking",4.0 out of 5 stars,670,"1,499.99"
ProForm Pro 2000 Smart Treadmill with 10” HD Touchscreen Display and 30-Day iFIT Pro Membership,3.8 out of 5 stars,106,"1,662.09"
"Treadmill with Handles, Folding Foldable Electric Treadmills for Home Small, 3.0HP Walking Pad Treadmills with Handle Bar, 3 in 1 Under Desk Treadmill with Remote Control, LED Display, 300LBS Capacity",4.5 out of 5 stars,33,179.99
"DeerRun 3 in 1 Walking Pad Treadmill, 300 Weight Capacity Foldable Treadmill, 3.0HP Low Noise Under Desk Treadmills for Home Office with Remote & APP",4.5 out of 5 stars,294,229.97
"Foldable Treadmills for Home, 3.0HP Under Desk Folding Compact Small Running Treadmill with 12 Preset Programs LED Display, Desk Treadmill for Office with 320 LBS Capacity",3.7 out of 5 stars,63,179.99
"ANCHEER Under Desk Treadmill with Incline, 3 in 1 Walking Pad with Remote Control, 2.5HP Folding Treadmill for Home, 300lbs Weight Capacity Quiet Jogging Running Electric Machine",4.8 out of 5 stars,48,169.99
"Niceday Steppers for Exercise, Mini Stair Stepper with Resistance Bands at Home Workout Equipment with 300LBS Loading Capacity, Hydraulic Fitness Stepper with LCD Monitor",4.4 out of 5 stars,"10,431",59.99
Goplus 1100W Folding Treadmill Electric Motorized Power Fitness Running Machine w/Support,3.8 out of 5 stars,"4,920",254.99
"Sunny Health & Fitness Smart WiFi Treadmills – Compact, Foldable, Portable, Under Desk & Incline Options (Manual & Auto), Brushless Motor, & Bluetooth SunnyFit App, LED Display, Shock Absorption",4.3 out of 5 stars,"9,193",749.99
"Treadmill with 15% Auto Incline - 350 LBS Capacity, 3.5HP Electric Folding Treadmill Up to 10MPH Speed, Running Machine with 20"" Wide Tread Belt & LCD Display for Home Use, Bluetooth Speaker",4.2 out of 5 stars,189,699.99
"THERUN Auto Incline Treadmill for Running and Walking, 300 lbs Weight Capacity Folding With Wide Belt",4.3 out of 5 stars,743,499.99
"11% Incline Walking Pad with Handle Bar, 4MPH / 7.6MPH, 2.5HP Treadmill with 350lbs Capacity, 17"" Widened Running Belt, Undesk Treadmill for Office",5.0 out of 5 stars,2,299
"DeerRun 2025 Upgrade Walking Pad - Raceable Smart Under Desk Treadmill with Rewards Program, Quick Setup, 2.5HP, APP/Remote Control, LED Display, 300 lbs Capacity",4.4 out of 5 stars,500,149.99
High-end Treadmill Treadmill Multifunctional Ultra-Quiet Family Fitness Climbing Slope Treadmill 65CM Ultra-Wide Business-Grade Treadmill 1.0-15.0KM/Hour Pace,N/A,0,"39,793.78"
Yangming Foldable Treadmill for Home,4.6 out of 5 stars,3,205.82
"Walking Pad, 2-in-1 Treadmill for Home & Office, Portable Under Desk Treadmill Walking Jogging Machine with Remote Control",5.0 out of 5 stars,2,104.99
"DeerRun 2025 Upgrade Walking Pad, Smart Under Desk Treadmill for Home Office, No-Assembly Treadmills with APP and Remote Control, LED Display, 2.5 HP Quiet Walking Jogging Machine, 300 lbs Capacity",4.3 out of 5 stars,948,129
"Small Walking Pad for Home and Office, Portable Under Desk Treadmill with Fixed 7% Incline and Adjustable 2% Incline, 300LBS Capacity",4.5 out of 5 stars,58,269.99
"OMA Treadmill with Incline, Treadmills for Home with 300 lb Capacity, Portable Treadmill for Home Office, Compact Walking Running Treadmill with Wide Belt, LED Display, Pulse Sensors",4.3 out of 5 stars,38,439.99
"VIVO Universal Treadmill Desk Riser, Height Adjustable Platform for Notebooks, Tablets, Laptops, and More, Workstation for Treadmill Handlebars up to 33 inches, Stand-TDML3",4.4 out of 5 stars,164,79.99
"Under Desk Treadmill for Home Small, 2.5HP Portable Electric Treadmills for Small Space, Home Small Treadmill with Remote Control, Compact Walking Pad Treadmills, 220LBS Capacity",4.3 out of 5 stars,112,99.98
"Up Pad, FINEHORSE Walking Pad Treadmill with Auto Incline, 6 in 1 Under Desk Treadmill, 6-Level Incline Treadmill, 2.5HP Portable Treadmill for Home with 330LBS Capacity, LED Display, Remote Control",4.5 out of 5 stars,249,349.99
"FYC Walking Pad with Incline 5%, Treadmill with APP/Remote Control, 300lbs Capacity Running Machine, Portable with Transport Wheels, Shock-Absorbing Honeycomb Cushion, Treadmill for Home Use",5.0 out of 5 stars,2,299.99
520A-A,4.6 out of 5 stars,265,219.99
"ANCHEER Walking Pad Treadmill with Incline&Adjustable Height,4 in 1 Under Desk Treadmills with Removable Desk Workstation,Foldable Treadmill for Home 300lbs Max,3 Type Control,Installation-Free",4.5 out of 5 stars,36,329.99
"Walking Pad with Incline, Under Desk Treadmill, 2 in 1 Foot Massage Treadmill for Home&Office, 2.5HP Quite Portable Treadmill with Shiatsu Foot Massager, Incline Treadmill with LED Display",4.5 out of 5 stars,440,179.99
"New Tread Laptop Tray, Treadmill Desk Tray, Upgrade 36"" Treadmill Tray Compatible with The New Peloton Tread, Ergonomic Tread Tray for Laptop, Easy Mount Exercise Workstation with Protective Strip",4.6 out of 5 stars,130,71.99
"Treadmills for Home, 3.0 HP Foldable Treadmill with Incline, 350 LBS Capacity & 7.6 MPH, Incline Treadmill with Pulse Sensor, Bluetooth Speaker, Wide Belt, App & Voice Control, LED Display",4.5 out of 5 stars,78,349.99
"Walking Pad Treadmill with Incline 3-Levels 300 lbs Capacity Portable Under Desk Treadmill for Home Office Apartment Fitness, Mini Space-Saving Compact Design, Ultra-Quiet 2025 Upgrade",4.4 out of 5 stars,161,152.99
"Premium Home Treadmill with Incline – Supports Up to 265 lbs, Adjustable Incline for Maximum Calorie Burn, High-Performance Treadmill for Fitness Enthusiasts – Elevate Your Workout",4.4 out of 5 stars,42,229.99
"Goplus 2 in 1 Under Desk Treadmill, 2.5HP Superfit Folding Treadmills for Home Office w/Smart APP, Remote Control, LED Display, Bluetooth Speaker, Foldable Walking Jogging Machine (Yellow)",1.0 out of 5 stars,1,212.48
"Walking Pad，Under Desk Treadmill 2 in 1 Treadmills，Portable Walking Treadmill 2.5HP, 320lbs Max Weight Remote Control LED Display,Installation-Free Jogging Machine for Home/Office",4.1 out of 5 stars,577,99.99
"Benef Treadmill with Incline, Treadmills for Home 265 lbs Capacity, Foldable Treadmill with 3 Level Incline, 0.5-7.6 MPH, 2.5 HP Quite Portable Treadmill for Home Small,12 Preset PROG, LED Display",4.5 out of 5 stars,166,289.99
"Walking Pad Treadmill,2.5 HP Under Desk Treadmill with LED Display,5% Manual Incline Treadmills for Home with Handrail Control/Remote Control,‎Walking Jogging Running Machine for Home Office",4.3 out of 5 stars,61,139.99
"WELLFIT 10% Incline Walking Pad, 2.5HP 4MPH/7.6MPH 265/340 lb+ Capacity Treadmills for Home, Wide Running Area Treadmill with Mute Remote, APP and Console Control for Small Space, No Assemble",4.3 out of 5 stars,209,249.99
"Goplus 2.25HP Folding Treadmill, Portable Electric Superfit Treadmill W/APP Control, 12 Preset Programs, Blue Tooth Speaker, LED Display, Walking Running Machine for Home Office",3.9 out of 5 stars,54,299.99
"Foldable Treadmills for Home, 3.5HP Auto Incline Treadmill with 17.4 Inch Wide Belt and Handle Bar, 300 lb Capacity, Portable Running Machine Walking Pad Treadmill",4.0 out of 5 stars,1,479.99
"VIVO Universal Treadmill Desk with Phone Slot and Cup Holder, Ergonomic Platform for Notebooks, Tablets, Laptops, and More, Fits Treadmill Handlebars up to 31 inches, STAND-TDML2A",4.4 out of 5 stars,43,59.99
"Goplus 2 in 1 Under Desk Treadmill, 2.5HP Superfit Folding Treadmills for Home Office w/Smart APP, Remote Control, LED Display, Bluetooth Speaker, Foldable Walking Jogging Machine (Red)",3.1 out of 5 stars,3,317.89
"3 in 1 Portable Treadmill and Walking Treadmill for Home/Office, Remote Control and Large LED Display Screen",4.2 out of 5 stars,67,99.99
Life Fitness F3 Folding Treadmill with Track Connect 2.0 Console,5.0 out of 5 stars,2,"3,049.00"
"TheNeat Walking Pad, Under Desk Treadmill, Treadmills for Home & Office, Walking Jogging Running Machine, NeatWalk",4.4 out of 5 stars,576,169.99
"Reebok Fitness Jet 100z, Jet 300 Treadmill: Bluetooth Compatible Incline Treadmill for Home Gym Training, Foldable for Easy Storage, Hand Pulse Sensor",4.0 out of 5 stars,44,"1,279.99"
"Treadmill with 3-Level Incline for Home and 3.0 HP Quiet Brushless, 8.7 MPH, 300 lbs Capacity",5.0 out of 5 stars,1,329.99
"SereneLife Walking Pad Treadmill with Remote Control, 0.6 – 8.7 MPH Smart Speed Control, Walking Mat, Under Desk Treadmill for Home Office, Shock Absorption, App Support, 265lbs Limit",4.3 out of 5 stars,50,349.9
"DeerRun Walking Pad 2 in 1 Under Desk Treadmill, 2.2HP Low Noise Walking Pad Running Jogging Machine with Remote Control for Home Office, Lightweight Portable Desk Treadmill Installation Free",4.2 out of 5 stars,"2,898",139.99
"THERUN Walking Pad Treadmill Under Desk, Portable Mini Treadmill for Home/Office with 2.5HP and 265 lbs Weight Capacity Remote Control LED Display",N/A,0,119.99
810 Treadmill,4.2 out of 5 stars,873,899
"Benef 3.5HP Folding Treadmill for Home - 330 lb Capacity, 17"" Wide Belt, 7.5 MPH, Quiet Motor, LED Display, Heart Rate Monitor, Compact & Foldable Design - Perfect for Small Spaces",4.4 out of 5 stars,17,379.99
"4.0MPH Walking Pad Treadmill with Incline, 300lb Capacity Weight Under Desk Treadmills for Small Spaces, Home, Office, Only 35LBS Lightweight Compact Treadmill Work for Smart APP",4.4 out of 5 stars,61,119.99
"Walking Pad Treadmill with Incline, Portable Under Desk Treadmill with Incline, 2.5HP Folding Treadmills for Home Small Spaces Office, 300 lb Capacity",5.0 out of 5 stars,40,109.99
WALKINGPAD MC11 Folding Treadmill 2 in 1 Walking Pad Under Desk Foldable Walking and Running Treadmills for Office and Home No Installation Required 1-7.5mph,4.6 out of 5 stars,175,499
"Ksports Advanced Rehab Walking Treadmill with 2.25HP Motor, Long Handrails for Balance, 287 LB Capacity, 0.4-8.0 MPH, 3-Level Incline, Bluetooth for Kinomap, Zwift & FitShow, Foldable with LCD Display",4.2 out of 5 stars,28,449.99
REDLIRO Electric Treadmill Foldable Exercise Walking Machince for Apartment Home/Office Jogging Compact Folding Easy Assembly 12 Preset Program 2 Wheels LCD Display,4.5 out of 5 stars,110,209.99
XTERRA Fitness TRX2500 Folding Treadmill,4.0 out of 5 stars,52,N/A
"Walking Pad Treadmill with 10% Incline, Under Desk Treadmill, Compact Portable Treadmills for Home Office, 285lbs Capacity, APP/Remote Control, Exercise Anytime, Low-Noise",4.3 out of 5 stars,124,179.98
"FYC Foldable Treadmills for Home, Portable Treadmill with Handles, 2.5HP Treadmills 300 lb Capacity, APP Control, Fitness Folding Walking Pad with LED Display",4.5 out of 5 stars,46,289.99
"Goplus 2 in 1 Folding Treadmill, 300 LBS Capacity Walking Pad with Handle Bar, Under Desk Treadmill with Remote & APP Control and LED Display, Foldable Portable Treadmills for Home Small, Office",4.8 out of 5 stars,27,288.99
"Walking Treadmill with Long Handrail for Balance, Recovery Fitness Exercise Machine Foldable for Home use with Holder for Phone & Cup,LCD Display, 300 lbs Capacity",5.0 out of 5 stars,1,116
"ANCHEER Treadmills with Incline, Under Desk /2s Folding/Max 300 lb Capacity-Walking Pad/Compact Electric Treadmill for Home/Gym/Office with LED Touch Screen/Remote Watch",4.3 out of 5 stars,431,169.99
"Sunny Health & Fitness Compact Foldable Treadmill - Easy Assembly, Quiet Operation, LCD Performance Monitor, Device Holder - Running & Walking Exercise, Optional Free SunnyFit App Bluetooth Connection",4.3 out of 5 stars,922,379.99
"Marcy Easy Folding Motorized Treadmill/Pre Assembled Electric Running Machine JX-651BW black 30.00 x 66.00 x 126.00""",3.7 out of 5 stars,65,593.74
WALKINGPAD R2 Treadmill Running and Walking Folding Treadmill Manual Automatic Modes Foldable Walking Pad Non-Slip Smart LCD Display Fitness Equipment 0.5-7.5MPH (Black),4.4 out of 5 stars,37,899
"Treadmill with Auto Incline, 3HP Treadmills for Home with 18"" Wider Belt, 300lbs, 0.5-10 MPH Speed, APP, Folding 15% Auto Incline Treadmill Machine for Office Running Use",4.1 out of 5 stars,147,369.99
Redmon Fun and Fitness for Kids Air Walker - Multicolor,4.5 out of 5 stars,276,110.05
"Egofit Walker Pro/Plus Smallest Under Desk Treadmill Walking Pad, Small & Compact Walking Treadmill with Fixed 5% Incline to Fit Desk Perfectly and Home & Office with APP & Remote Control",4.5 out of 5 stars,"1,075",463.79
"Merax Incline Treadmill, Hydraulic Folding Treadmills for Home, 3.0HP Quiet Running Machine with Charge Station & Bluetooth Speaker, Dual Cushion System with 10MPH, 350lbs Weight Capacity",4.1 out of 5 stars,247,249.99
"4.0 HP Folding Treadmill with 15% Auto Incline (8.5°), 10 MPH Speed, 300 lb Capacity, 50"" x 18"" Belt, Bluetooth, App Connectivity, Pause Function, 64 Preset Programs, BMI Detector for Home Use",4.3 out of 5 stars,18,549
"FYC Walking Pad Treadmill with Incline,2.5HP Under Desk Treadmills for Home Office, Portable Mini Walking Treadmill with APP Control, 300 lbs Weight Capacity",5.0 out of 5 stars,15,249.99
"Ksports Walking Pad & Folding Treadmill – 2.5HP, Sit-Ups Mat, Bluetooth App, Portable Wheels | Incline, Desk, Dual Displays, 308 lbs & 265lbs Capacity",4.4 out of 5 stars,124,329.89
"ANCHEER Walking Pad Under Desk Treadmill, 3 in 1 Portable Folding Treadmills for Home 300 lbs Weight Capacity, 2.5HP Quiet Compact Walking Jogging Running Machine with Remote Control and LED Display",5.0 out of 5 stars,23,99.99
"BalanceFrom Folding Incline Treadmill with 5-Inch Large Backlight Display, 12 Preset Programs",3.6 out of 5 stars,32,N/A
"UREVO Smart Walking Pad with MIIT Modes, Walking Pad Treadmill with APP, Treadmills for Home with 2.5 HP Motorized, Plug and Play Jogging Machine with HiveTech Cushioning, Remoter and LED Display",5.0 out of 5 stars,3,319.99
"Walking Pad,Treadmill with Incline for Home Office, 2.5HP Portable Under Desk Treadmill with 265 Lbs Capacity,Remote Control, Led Display",4.3 out of 5 stars,389,109.98
"Treadmill with Handles, 2025 Upgraded Small Treadmills Home, Portable Electric Treadmills for Home 300 lbs Capacity,Walking Pad Treadmill,Lightweight Folding Foldable Walking Pad with LED Display",4.2 out of 5 stars,404,209.99
"WELLFIT 10% Incline Walking Pad, 2.5HP 4MPH/7.6MPH 265/340 lb+ Capacity Treadmills for Home, Wide Running Area Treadmill with Mute Remote, APP and Console Control for Small Space, No Assemble",4.3 out of 5 stars,211,299.99
"Walking Pad Under Desk Treadmill, Portable Small Treadmills for Home and Office, 2.5HP Super Quiet Brushless Motorized Walking Jogging Running Machine with Remote Control",4.2 out of 5 stars,"2,159",119.98
"Sperax Walking Vibration Pad with APP, 3 in 1 Under Desk Treadmill, 2.5HP Low Noise Walking Treadmill Pad with Remote Control,Portable Treadmills for Home Office",4.3 out of 5 stars,"4,318",169.99
"Walking Pad Treadmill with 12% 9-Level Auto Incline, 450 lbs Capacity and RGB LED Screen Under Desk Treadmill with Hiking Mode, Compact Treadmills for Home Small/Office",4.8 out of 5 stars,501,296
"Walking Pad, Under Desk Treadmill with Incline for Home Office 2.5HP Portable Walking Treadmill with 280 Lbs Weight Capacity Walking Machine, Remote Control, LED Display",4.3 out of 5 stars,416,129.99
"FYC Walking Treadmills for Home, Extended Handrails for Recovery Fitness, Portable Foldable Treadmill for Seniors with Optional APP Control, 300 LBS Capacity",4.4 out of 5 stars,54,349.99
"Walking Pad Treadmill, Anylife Incline Walking Pads Under Desk 265lb Capacity, 2.5HP Portable Treadmills for Home, Compact Treadmill Small Running Pad with LED Display, Remote Control",4.2 out of 5 stars,434,99.99
"Walking Pad with Incline, Incline Treadmills for Home, 2.5 HP Under Desk Treadmill Small with Remote Control, Walking Pad Small Treadmill with LED Display",4.3 out of 5 stars,"2,229",139.99
"Under Desk Treadmill, Walking Pad for Home and Office, 2.5 HP Portable Walking Jogging Running Machine with Remote Control and LED Display",4.1 out of 5 stars,"4,664",119.99
"UREVO Smart 2-in-1 Folding Treadmill, Compact Walking Pad with Safety Handle, Plug and Play, Dual LED Display, Workout APP, Walking or Running for Home Office, Remote Included",4.3 out of 5 stars,"5,709",269.99
Walking Treadmill for Senior with Long Handrail Foldable Recovery Fitness Exercise Machine with Cup Holder LCD Display 300 lbs Weight Capacity for Home,4.2 out of 5 stars,52,359.99
"Walking Pad Treadmill with Incline, 2 in 1 Foldable Treadmills for Home Small Office, 300lbs Portable Compact Under Desk Treadmill with App, Remote Control and LED Display",4.5 out of 5 stars,556,186.94
NordicTrack T Series,4.3 out of 5 stars,"34,928",799.99
"Treadmill with Handle, 3.0HP Treadmills for Home Small Spaces,Electric Portable Foldable treadmills with LED Display, Walking Pad Treadmill with Handle,Compact Walking Treadmills with 320 LBS Capacity",3.5 out of 5 stars,161,178.49
"Walking pad, 3-in-1 Under Desk Treadmill for Home and Office, 2.5 HP Portable Walking Jogging Running Machine with Remote Control and LED Display",4.3 out of 5 stars,49,149.99
"Portable Treadmills for Home, Electric Walking Pad Treadmill with 12 Preset Programs, 3.0HP Treadmill with Handle for Small Home, Waking Pad,Compact Running Treadmills with 320LBS Capacity",4.3 out of 5 stars,220,209.99
"Walking Pad - Under Desk Treadmill for Home/Office, Portable with Remote Control LED Display - Ideal for Fitness Enthusiasts",4.3 out of 5 stars,"1,365",89.99
"Sperax Treadmill,Walking Pad,Under Desk Treadmill,3 in 1 Folding Treadmills,Treadmills for Home,Black Red",4.2 out of 5 stars,"2,298",227.99
"THERUN Walking Pad, 2.5 HP Under Desk, 2 in 1 Foldable for Home, Walking Pad with Handle Bar, 15"" Widened Running Belt with Remote Control & LED Touch Screen",4.2 out of 5 stars,"2,111",159.99
"RHYTHM FUN Incline Foldable Treadmill, Walking Pad Treadmill with Incline, 300 lbs Portable Treadmill with Handles for Home Office Use, Under Desk Compact Treadmill with LED Display & APP",4.3 out of 5 stars,630,198.98
"Walking Pad Under Desk Treadmill with Incline and Handle Bar, 2 in 1 Folding Treadmill for Home/Office Small, Portable Compact Treadmills with Remote Control, APP & LED Display",4.8 out of 5 stars,665,269.99
"Walking Pad，Under Desk Treadmill 2 in 1 Treadmills，Portable Walking Treadmill 2.5HP, 320lbs Max Weight Remote Control LED Display,Installation-Free Jogging Machine for Home/Office",4.1 out of 5 stars,578,99.99
"Walking Pad, Under Desk Treadmill for Home and Office, 2.5 HP Portable Treadmill, 3 in 1 Walking Jogging Running Machine with Remote Control, LED Display",4.3 out of 5 stars,585,99.99
"Under Desk Treadmill, BestGod Incline Walking Pad Treadmill, 2.5HP Portable Treadmills for Home",4.1 out of 5 stars,252,139.99
"Walking Pad Treadmill with Handle Bar,Folding 3.0 HP Quite Walking Pad for Office Home Use with 300 lbs Weight Capacity,Compact Treadmill with Cup Holder,LED Display and 12 Preset Programs",5.0 out of 5 stars,3,189.99
"Foldable Treadmill with Incline, Walking Pad with Handle Bar 3 Level Incline, Portable Folding Treadmills for Home/Office 300 Lbs Capacity, Quiet Desk Treadmill with Remote Control & APP",4.2 out of 5 stars,298,199.99
"3 in 1 Treadmill, Portable Under Desk Walking Treadmill with Incline for Home/Office, Remote Control, LED Display",4.3 out of 5 stars,681,119.99
"WELLFIT Incline Treadmill for Home, Heavy Duty Treadmills with 3.5HP 8.6MPH 350 lb Capacity, 18 inch Wide Running Area Commercial Treadmill with LED Screen and Bluetooth Player",4.0 out of 5 stars,35,499.99
"Elseluck Walking Pad, Under Desk Treadmill for Home Office, 2 in 1 Portable Walking Treadmill with Remote Control, Walking Jogging Machine in LED Display",4.1 out of 5 stars,698,99.99
"Walking Pad, 2.5HP Under Desk Treadmill for Home Office, 300 Lbs Capacity Portable Treadmill with Remote Control & LED Display, 2 in 1 Treadmill for Walking Jogging and Running",4.0 out of 5 stars,277,128
"Walking Pad with Handle, 3.0HP Walking pad Treadmill, 3 in 1 Portable Under Desk Treadmill for Home,Treadmil with Handle Bar,Small Treadmills,Foldable Treadmills with Remote Control,LED Display",4.1 out of 5 stars,151,149.98
"3 in 1 Under Desk Treadmill With Incline - Walking Pad With Removable Desk Workstation, 3.5HP Foldable Compact for Home Small Office - Wristband Remote Control",4.3 out of 5 stars,779,369.99
"Walking Pad, Walking Pad Treadmill 330 lb Capacity, 3 in 1 Portable Under Desk Treadmill for Home and Office with Remote Control, LED Display",4.1 out of 5 stars,"2,957",N/A
"Treadmill Under Desk with Incline for Home and Office,Walking Treadmill with Remote Control and LED Display",4.8 out of 5 stars,45,106.99
"Portable Foldable Treadmills for Home, Small Folding Treadmill for Home Office with 300 LBS Capacity, Walking Running Exercise Electric Compact Treadmill with LED Display",4.2 out of 5 stars,190,189.99
"10% Incline Under Desk Walking Pad, 2.5HP Low Noise Treadmill for Home Office Apartment, 3 in 1 Lightweight Running Machine for Small Space, Works with Apps & Mute Remote Control, No Installation",4.5 out of 5 stars,175,199.99
"UMAY Fitness Home Folding Incline Treadmill with Pulse Sensors, 3.0 HP Quiet Brushless, 300 lbs Capacity (Black or Gray)",4.4 out of 5 stars,"1,508",339.98
"Treadmills for Home, 3.0HP Quiet Brushless Folding Treadmill with Heart Rate Sensor, Dual Cushion System, 300lbs Weight Capacity, Holder for Cup & Phone",4.3 out of 5 stars,808,233.99
"Walking Pad,Treadmill with Incline for Home Office, 2.5HP Portable Under Desk Treadmill with 265 Lbs Capacity,Remote Control, Led Display",4.3 out of 5 stars,393,109.98
"Portable Walking Treadmill for Home & Office,0.6-3.8MPH Speed, 2.5HP Under Desk Treadmill with Remote Control, Compact Design, LED Display, 300 lbs Max Weight Capacity",4.2 out of 5 stars,54,99.99
"UREVO Smart Walking Pad, Compact Under Desk Treadmill with Double Shock Absorption, Quiet Operation, Workout APP with Track Insights and MIIT Mode, Plug and Play, Remote or APP Control for Home Office",4.3 out of 5 stars,242,139.99
"CURSOR FITNESS Home Folding Treadmill with Pulse Sensor, 2.5 HP Quiet Brushless, 7.5 MPH, 265 LBS Capacity",4.3 out of 5 stars,"2,298",269.99
WALKINGPAD MC11 Folding Treadmill 2 in 1 Walking Pad Under Desk Foldable Walking and Running Treadmills for Office and Home No Installation Required 1-7.5mph,4.6 out of 5 stars,175,474.05
"Walking Pad Treadmill with 10% Incline, Under Desk Treadmill, Compact Portable Treadmills for Home Office, 285lbs Capacity, APP/Remote Control, Exercise Anytime, Low-Noise",4.3 out of 5 stars,125,179.98
"Treadmills for Home, 3.0HP Folding Treadmill with Incline, Small Space Portable Running Machine, 240 Lbs Capacity with 12 Preset PROG, LED Display, Speaker and Cup Holder",4.3 out of 5 stars,487,229.99
"UREVO Smart Treadmill with 9% Incline, 3-in-1 Walking Pad Treadmill for Home & Office, Runner-Focused Design, Auto Incline, Dual Display, Plug & Play",4.3 out of 5 stars,788,522.99
"Walking Pad Treadmill, Under Desk Treadmill for Home and Office, Electric Portable Walking Pad with LED Display Remote Control, 2.5 HP 300 lbs Capacity",4.8 out of 5 stars,104,199.99
"Suptek Universal Treadmill Desk - Ergonomic Workstation for Laptops, Tablets and Notebooks, Fits Treadmill Handlebars Up to 32 Inches, EMPA01",3.9 out of 5 stars,12,34.99
"WALKINGPAD Z1 Walking Pad, Folding Under Desk Treadmill for Home Office with 242lb Capacity, 2 in 1 Portable Treadmill for Walking and Jogging Remote Control in LED Display (Gray)",4.3 out of 5 stars,128,349
"Walking Pad - Under Desk Treadmill for Home/Office, Portable With Remote Control LED Display - Ideal for Fitness Enthusiasts (Black)",4.6 out of 5 stars,95,159.99
"3.0 HP Foldable Portable Folding Small Treadmills for Home Office with 300 LBS Capacity, Walking Running Exercise Electric Compact Treadmill with LED Display",4.1 out of 5 stars,85,189.99
"Versatile Walking Pad Treadmill with Incline - Dual-Sided Under Desk Treadmill with Foot Massage,2 in 1 Walking Pad for Home/Office, Portable Compact Treadmills with 330LBS Weight Capacity",4.5 out of 5 stars,174,166.64
"THERUN Incline Treadmill, 0-12% Auto Incline Treadmill for Running and Walking, 300 lbs Weight Capacity, Wide Belt, 3.0 HP, 18"" LED Screen, 2 Layers Shock-Absorbing",4.5 out of 5 stars,138,323.99
"Redliro Walking Treadmill with Long Handrail for Balance, Recovery Fitness Exercise Machine Foldable for Home use with Holder for Phone & Cup,LCD Display, 300 lbs Capacity",4.5 out of 5 stars,187,365.99
"Walking Pad, Walking Pad Treadmill for Home Office, Portable Under Desk Treadmill with Remote Control and LED Display, Walking Jogging Running Machine",4.3 out of 5 stars,439,119.99
"UREVO Walking Pad Treadmills for Home Office, Under Desk Compact Design Treadmill Portable Walking Pad Treadmill with Remote Control, LED Display",4.3 out of 5 stars,"2,049",249.99
"Treadmills for Home Small Office, 3 in 1 Portable Walking Pad Treadmill, Strolling Walking Running Machine, APP/Remote Control, 265lbs Capacity",4.4 out of 5 stars,143,166.44
"Walking Mat Treadmills Portable for Home & Office LED Display, 265 LB Capacity, Space-Saving Compact Walking Jogging Running Machine with Remote Control",4.7 out of 5 stars,158,152.99
"4.0MPH Walking Pad Treadmill with Incline, 300lb Capacity Weight Under Desk Treadmills for Small Spaces, Home, Office, Only 35LBS Lightweight Compact Treadmill Work for Smart APP",4.4 out of 5 stars,64,119.99
"Treadmill for Home, 3.0 HP Treadmill with Incline, Heart Rate Sensors, Digital Display for Walking, Running, and Indoor Fitness Workouts",4.2 out of 5 stars,799,369.99
"Under Desk Elliptical Machine, Electric Seated Pedal Exerciser, Mini Ellipse Leg Exerciser with Remoter, 12 Level Speeds, Forward & Reverse Direction, Manual & Auto Mode for Home Office",4.7 out of 5 stars,"2,060",109.99
"UREVO Walking pad, Under Desk Treadmill for Home Office, Portable Desk Treadmill with Double Shock Absorption Remote Control LED Display, 265 Lb Capacity",4.3 out of 5 stars,"1,796",144.49
AXV Vibration Plate Fitness Platform Exercise Machine Vibrating Lymphatic Drainage Shaking Full Body Shaker Workout Vibrate Stand Shake Board Sport Gym for Weight Loss Fat Burner for Women Men,4.5 out of 5 stars,"6,252",89.99
"Walking Pad Under Desk Treadmill, 2.5HP Quiet Brushless Small Treadmill for Home and Office, Compact Portable Walking pad with Remote & App Control for Walking and Jogging",4.3 out of 5 stars,984,152.99
"2025 Upgrade Walking Pad Treadmill with 8% Incline & Handle Bar, Walking Pad 3.5HP 300+ LB Capacity, Small Treadmill for Home Office, Under Desk Walking Pad Compact, 0.6-6mph, with Remote, Smart App",5.0 out of 5 stars,22,199.99
"Walking Pad Treadmill with 9% 9-Level Auto Incline, 400+ lbs Capacity Bluetooth Speakers Under Desk Treadmills for Home with Hiking Mode",4.8 out of 5 stars,245,315
"Walking Pad, 3.0HP Walking Pad Treadmill with Handle Bar, 3 in 1 Portable Under Desk Treadmills for Home,Foldable Treadmill for Small Space,Compact Home Treadmills with Remote Control,300LBS Capacity",4.1 out of 5 stars,78,179.99
"Impremey Folding Treadmill with Incline, Electric Treadmill with 42” x 16” Large Running Belt, Heart Rate Monitor, Easy Assembly, 64 Preset Programs, 7.5 Mph Speed, 2.5HP, Compact Design for Home",4.4 out of 5 stars,604,279.99
"Walking Pad Treadmill,White Walking pad with Incline,Walking pad for Walking Jogging,Treadmill for Home with LED Display",4.1 out of 5 stars,627,89.99
"Walking Pad Treadmill with Handle Bar, 3 in 1 Portable with Incline and Lights, Under Desk for Home Office, with LED Display and APP",4.2 out of 5 stars,344,179.99
"SupeRun Walking Pad, Under Desk Treadmill, 3 in 1 Portable Treadmill with Remote Control LED Display, 2.5 HP Quiet Walking Jogging Machine for Office Home Use, 250 Lbs Capacity",4.3 out of 5 stars,"1,171",99.99
"Walking Pad 2 in 1 for Walking and Jogging, Under Desk Treadmill for Home Office with Remote Control, Portable Walking Pad Treadmill in LED Display",4.0 out of 5 stars,"1,081",114.99
"Folding Treadmill 2 in 1 Under Desk Treadmill Walking Pad Walk & Run with Remote Control, APP Integration & Large Display for Home Office",4.2 out of 5 stars,23,N/A
"Walking Pad Treadmill, Walking Pad with Incline, Foldable Treadmills for Home Office Gym Exercise, Portable Desk Treadmill for Jogging&Running, Running Machine for Workout Exercise",4.3 out of 5 stars,47,199.99
"Walking Pad Treadmill with 9% 4-Level Auto Incline, 300LBS Capacity Under Desk Treadmill, Compact Treadmills for Home Small/Office",4.6 out of 5 stars,56,249.99
"Sweetcrispy Compact Armless Treadmill for Small Spaces, Quiet Under-Desk Walking Pad, Slim & Portable Design for Home Office Workouts, Easy to Store, Ideal for Apartments and Work-from-Home Fitness",4.2 out of 5 stars,102,N/A
"Walking Pad with Auto Incline, Under Desk Folding Treadmill with Remote Control and LED Display for Home Office, 2.5HP Portable Walking Jogging Running Machine, 300 LB Capacity",4.4 out of 5 stars,226,399.99
"Treadmill with Handles, Folding Foldable Electric Treadmills for Home Small, 3.0HP Walking Pad Treadmills with Handle Bar, 3 in 1 Under Desk Treadmill with Remote Control, LED Display, 300LBS Capacity",4.5 out of 5 stars,34,179.99
"Sunny Health & Fitness Premium Foldable Treadmill for Home, Running or Walking with Auto Incline, Shock Absorption, Digital Display, Optional 20” Running Deck, Free SunnyFit App Bluetooth Connection",4.4 out of 5 stars,"6,268",699.99
"UREVO Under Desk Treadmill for Office Under Desk, Walking Pad 2 in 1 for Home/Office, Portable Walking Pad Treadmill with Remote Control, LED Display",4.2 out of 5 stars,505,169.99
"Walking Pad Treadmill, Under Desk Treadmill, Low Noise, 2.5 Hp with Maximum Capacity of 265 Lbs Treadmills for Home & Office, Walking Jogging Running Machine",4.3 out of 5 stars,23,89.99
"Treadmill with Desk Workstation, Walking Treadmill Pad, Portable Desk Treadmills for Home Small, Foldable Walking Pad with Handle Bar",5.0 out of 5 stars,16,199.99
"Treadmill for Home with Incline Folding Treadmills Running Machine for Small Spaces with Handle 300 LB, 3.0 HP, 7.5 MPH Foldable Treadmill with App",4.6 out of 5 stars,58,219.98
"Walking Pad Treadmill With Incline, Under Desk for Home Office, Portable 2.5HP, 300 lbs Capacity, APP/Remote Control, LED Displays, Manual Incline(M)",4.4 out of 5 stars,167,117.29
Merax Foldable Electric Treadmill 2.5HP Motorized Running Machine with 12 Perset Programs 300LBS Weight Capacity Walking Jogging Treadmill for Office Home Gym Workout with Incline,4.1 out of 5 stars,890,249.99
"Merax Treadmill with Handles, 3.0 HP Treadmill with Incline, Portable Electric Treadmills for Home 300 lbs Capacity, Folding Treadmills with Charge Staion & Bluetooth Speaker for Indoor Fitness",4.1 out of 5 stars,762,189.99
Compact Armless Treadmill |Space-Saving Design for Home & Office | Quiet Under-Desk Walking Pad | 265 Lbs Capacity 3 in 1 Portable Walking Treadmill,4.6 out of 5 stars,78,N/A
"Maksone Under Desk Treadmill, Expert of Wooden Walking Pad, Walking Jogging Machine with Remote Control, Installation-Free…",4.1 out of 5 stars,"1,225",299.99
SMUG Treadmill |Space-Saving Design for Home & Office | Quiet & Portable Walking Pad | Ideal for Small Spaces | Black,4.3 out of 5 stars,118,N/A
"3 in 1 Portable Treadmill and Walking Pad, with Incline for Home/Office, Remote Control and LED Display",4.7 out of 5 stars,451,99.99
"Sunny Health & Fitness Compact & Foldable Treadmill, Non-Slip Surface, Optional Dual Mode Walking/Running, Non-Electric Fixed Incline, Digital Monitor, Smart Bluetooth Connection with SunnyFit App",4.0 out of 5 stars,"10,335",162.56
"TheNeat Walking Pad, Under Desk Treadmill, Treadmills for Home & Office, Walking Jogging Running Machine, NeatWalk",4.4 out of 5 stars,577,169.99
"Walking Pad Treadmill, Under Desk Treadmill for Home & Office, Wide Running Belt, Remote Control, Installation Free, Easy to Move, 300 LB Capacity",4.4 out of 5 stars,708,104.99
"Walking Pad, Under Desk Treadmill for Home Office, Small Walking Pad with Handle Bar and Incline, Foldable Treadmill with Remote Control, APP",4.4 out of 5 stars,138,219.99
"2 Side Walking Pad with Incline Massage Function, 2 in 1 Under Desk Walking Pad and Foot Massager Treadmills for Home/Office, Portable Treadmill with Remote Control LED Display",4.7 out of 5 stars,150,179.99
"2 in 1 Folding Treadmill, 2.5HP Under Desk Treadmill Portable Walking Pad Treadmills for Home Office with Dual LED Display, Large Running Area, App & Bluetooth Speaker, 0.6-10MPH",4.6 out of 5 stars,"1,089",296.99
"3-in-1 Walking Pad with Incline,2.5 HP Under Desk Treadmill for Home Office,265 LBS Compact Walking Treadmill with LED Display,No Assembly",4.3 out of 5 stars,139,98.99
"Walking Pad Treadmill with Auto Incline 6 Levels 12% - 18""x43"" Wide Full Deck Under Desk Treadmill for Home Office, Upright Stand Space-Saving, 350lbs Capacity Heavy Duty, APP & Double Frame",4.8 out of 5 stars,38,529.99
"Walking Pad Treadmill, Under Desk Walking Mat with Incline for Home and Office, 2.5HP Low Noise Treadmill with Remote Control, Compact Design Walking Jogging Running Machine",4.7 out of 5 stars,32,99.99
"Walking Pad Treadmill with Incline, 3 in 1 Under Desk Treadmill 300lbs Capacity with Handle Bar & Removable Desk Workstation, 3.5HP Compact Foldable Treadmill for Home Office with Remote Control",4.7 out of 5 stars,181,379.97
"Walking Pad with Incline, Under Desk Treadmill, 2 in 1 Foot Massage Treadmill for Home&Office, 2.5HP Quite Portable Treadmill with Shiatsu Foot Massager, Incline Treadmill with LED Display",4.5 out of 5 stars,442,179.99
"Treadmill with Handle Bar, 3.0HP Walking Pad Treadmill, Portable Compact Walking Pad with Handle, Treadmills for Home Samll Space, Running Electric Small Treadmills with 320 LBS Capaticy,LED Display",5.0 out of 5 stars,6,199.99
"Walking Pad with 12% 6° Auto Incline, Under Desk Treadmill for Home Office w/Remote Control, 6 HIIT Mode, 450Lbs Weight Capacity, 4 MPH Max, Desk Treadmill in LED Display",4.5 out of 5 stars,60,265.99
"Walking Pad, Under Desk Treadmill with Incline, 300 Lbs Capacity Portable Treadmill for Home Office, 2 in 1 Mini Desk Treadmill with Remote Control, LED Display",4.1 out of 5 stars,128,149.99
"Walking Pad Treadmill with Incline,Under Desk Treadmill with Incline 2 in 1 for Walking and Jogging,2.5HP Compact Incline Walking Pad for Home Office with Remote Control",4.2 out of 5 stars,392,99
"Mat Compatible with Walking Pad (Mat Only),Under Desk Treadmill Mat, Protector for Small Mini Treadmill, for Hardwood Floors, Waterproof & Anti-Slip, 6mm Thick",4.4 out of 5 stars,60,29.97
"RHYTHM FUN Treadmills for Home, 8.0 MPH Walking Pad Treadmill with Incline up to 8%, Foldable Treadmill with Handles, Low Noise Walking Pad for 300 lbs",3.9 out of 5 stars,54,269.99
"Walking Pad, Compact Under Desk Treadmill for Home, 3 in 1 Portable Treadmill with Remote Control, Walking Pad for Home and Office",4.0 out of 5 stars,15,109.99
"CURSOR FITNESS Walking Pad Treadmill with Incline, Under Desk Treadmill with Triple Shock-Absorbing System, 2.5HP Quiet Brushless, Portable Walking Treadmill with Remote Control",4.6 out of 5 stars,222,119.99
"Walking Pad, Portable Treadmill with Incline, 2.5HP Under Desk Treadmills for Home and Office, 3 in 1 Walking Jogging Running Treadmill with Remote Control, Larger LED Display",4.6 out of 5 stars,21,170.99
"Under Desk Treadmill, Walking Pad 300 lb Capacity, Desk Treadmill for Home Office, 2.5HP Low Noise Walking Treadmill Pad with Remote Control, Portable Treadmill for Home Office",N/A,N/A,55.99
"Walking Pad Treadmill with Incline,Treadmills for Home and Office,340 Lb Capacity,4 in 1 Portable Under Desk Treadmill with APP and Remote Control,Large LED Display",4.4 out of 5 stars,638,239.99
"Walking Pad Treadmill, Under Desk Treadmills with Incline for Home Office,2.5 HP Portable Walking Machine with 265 LBS, Remote Control, LED Display",4.6 out of 5 stars,15,99.99
"Incline Walking Pad Treadmill for Home and Office, Under Desk Treadmill with 2.5 HP Quiet Brushless, 265 LBS Capacity",4.4 out of 5 stars,170,149.99
"Walking Pad with Incline, 2.5HP Under Desk Treadmill, 3 in 1 Portable Treadmill with Remote Control, LED Display, Hidden Safety Switch, Mini Walking Jogging Machine for Home Office",4.4 out of 5 stars,424,139.99
"Walking Pad, Under Desk Treadmill for Home Office, 2.5HP Walking Pad with 300lb Weight Capacity, Portable Teadmill with Remote Control, LED Display",4.5 out of 5 stars,149,109.99
"YOSUDA Walking Pad, Under Desk Treadmill, Treadmills for Home, 256LBS Capacity, 3 in 1 Portable Walking Pad",4.7 out of 5 stars,24,169.99
"Walking Pad Under Desk Treadmill with Incline, 2 in 1 Folding Treadmill for Home/Office, Portable Compact Treadmills with Remote Control, APP & LED Display 300LBS Capacity",4.5 out of 5 stars,245,248.99
"Walking Pad Treadmill, BestGod Incline Under Desk Treadmill 330lbs Capacity, 2.5HP Portable Treadmills for Home, Compact Treadmill Mini Walking Pad, Running Machine with Remote Control and LED Display",4.3 out of 5 stars,106,139.99
"Treadmills for Home, KEY2FUN Portable Foldable Treadmill, Walking Pad with Handle Bar, Lightweight Folding Treadmill with 300 LBS Capacity, 3.0 HP Walking Pad with LED Display",4.1 out of 5 stars,16,187.99
"UREVO Under Desk Treadmill, Walking Pad Treadmills for Home, Portable Walking Treadmill 2.25HP, Walking Jogging Machine with 265 lbs Weight Capacity Remote Control LED Display",4.2 out of 5 stars,"1,224",142.26
"UMAY Fitness Rehab Treadmill with Extended Handrails & Belt for Safety & Balance, 0.1 Increment for Start & Stop, Pulse Sensors, 3 Level Incline, Auto-Folding Home Recovery Treadmill, 300 LBS Capacity",4.6 out of 5 stars,144,399.99
"WALKINGPAD P1 Folding Treadmill, Ultra Slim Foldable Treadmill Smart Fold Walking Pad Portable Walking/Jogging Machine with App & Remote Control Grey",4.3 out of 5 stars,154,318
"2 in 1 Treadmill Under Desk Walking Pad 2.5HP Home Folding Treadmills with Incline and Gesture Sensing Control, Walking Pad for Office with Led Display",4.3 out of 5 stars,651,199.99
"Redliro Walking Treadmill for Senior with Long Handrail, 300 lbs Capacity, Recovery Fitness Exercise Machine Foldable Treadmills for Home with Holder LCD Display, Holder for Phone & Cup",4.6 out of 5 stars,124,349.99
"Goplus 2 in 1 Folding Treadmill, 2.25HP Superfit Under Desk Electric Treadmill, Installation-Free with Remote Control, APP Control and LED Display, Walking Jogging for Home Office",4.0 out of 5 stars,"4,834",329.99
"Walking Pad Treadmill, Under Desk Treadmills for Home and Office, 3 in 1 Foldable Treadmill 3.0 HP Electric Treadmills 300 lbs Capacity",4.6 out of 5 stars,182,299.99
"Foldable Treadmills for Home, 3.0HP Under Desk Folding Compact Small Running Treadmill with 12 Preset Programs LED Display, Desk Treadmill for Office with 320 LBS Capacity",3.8 out of 5 stars,64,179.99
"Walking Pad, Under Desk Treadmill, Walking Pad with Incline, 2 in 1 Treadmills for Home/Office, Compact Portable Foldable Treadmill, Installation-Free Low Noise, Safety Lock and LED Display",4.4 out of 5 stars,135,169.99
"2 in 1 Treadmill and Walking Pad for Home/Office, Walking Treadmill with Remote Control, APP, and LED Display",4.4 out of 5 stars,342,N/A
"GTRACING Walking Pad, Under Desk Treadmill for Home and Office, 3 in 1 Portable Walking Treadmill Jogging Running Machine, with Remote Control and LCD Display",4.2 out of 5 stars,10,129.99
"3.0HP Walking Pad with 9% Incline, 0.6-5 MPH, Compact & Portable Under Desk Treadmill for Home/Office, Maximum 265lbs Capacity, Remote, APP Control, for Jogging/Running, Assemble Free",4.8 out of 5 stars,76,195.99
"Walking Pad with Handle bar, 2.5HP Portable Electric Treadmills for Home,3 in 1 Under Desk Treadmill with Remote Control,Compact Treadmill for Small Home Space,300LBS Capacity (All Black)",3.4 out of 5 stars,20,N/A
"Goplus 2 in 1 Folding, Superfit Under Desk Electric Treadmill, 2.25HP Installation-Free with Blue Tooth Speaker, Remote Control, APP Control and LED Display, Walking Jogging for Home Office",3.8 out of 5 stars,"2,059",319.99
"Sperax Walking Vibration Pad,Under Desk Treadmills for Home,4 in 1 Vibration Plate Exercise Machine,Portable Walking Pad with APP,350 Lb Capacity Multifunctional Treadmill Pro Max",4.7 out of 5 stars,160,189.99
"Treadmill Mat for Carpet Hardwood Floor Protection, Foldable, Under Desk Treadmill Mat, Compatible with Walking Pad Treadmill, Exercise Bike Mat for Home Gym Workout, Waterproof & Anti-Slip, 6mm Thick",4.4 out of 5 stars,71,24.99
"Walking Pad Under Desk Treadmill for Home 2 in 1 Portable Small Treadmill with Remote Control, 2.5HP Brushless Motorized Running Jogging Machine, 265 Lbs Capacity Compact Design",N/A,N/A,119.99
"SereneLife Electric Folding Treadmill Exercise Machine - Smart Compact Digital Fitness Treadmill Workout Trainer w/Bluetooth App Sync, Manual Incline Adjustment, for Walking, Running, Gym",4.1 out of 5 stars,"13,585",259.9
"3 in 1 Portable Treadmill and Walking Treadmill for Home/Office, Remote Control and Large LED Display Screen",4.2 out of 5 stars,67,99.99
"Lifepro Smallest Portable 30in Small Mini Walking Pad Treadmill Installation Free, Adjustable Incline, Under Desk Work Compact Treadmills for Home/Office - Max Load 220Lbs & Speed 3MPH",4.0 out of 5 stars,410,261.15
"Walking Pad Treadmill, Under Desk Treadmill for Home Office,2 in 1 Treadmills for Home with Remote Control, Walking Jogging Machine in LED Display, No Assembly",4.4 out of 5 stars,150,84.99
"Up Pad, FINEHORSE Walking Pad Treadmill with Auto Incline, 6 in 1 Under Desk Treadmill, 6-Level Incline Treadmill, 2.5HP Portable Treadmill for Home with 330LBS Capacity, LED Display, Remote Control",4.5 out of 5 stars,249,330.99
"UREVO Smart Walking Pad with MIIT Modes, Walking Pad Treadmill with APP, Treadmills for Home with 2.5 HP Motorized, Plug and Play Jogging Machine with HiveTech Cushioning, Remoter and LED Display",5.0 out of 5 stars,3,199.99
"WELLFIT 10% Incline Walking Pad Treadmills for Home, Under Desk Treadmill 265lb Capacity, Voice Controlled Works with KINOMAP Apple Health, Compact for Apartment, Easy to Move Store Upright Place",4.1 out of 5 stars,405,189.9
"Under Desk Treadmill - 2 in 1 Walking & Jogging Pad, Portable with Remote Control & App, 2.5HP Compact for Home Office",4.5 out of 5 stars,69,129.99
"Under Desk Walking Pad Treadmill for Home Office, Intelligent Walk Mat with APP and Remote Control, Portable Exercise Workout Equipment, Super Quiet Walking Jogging Running Machine",4.6 out of 5 stars,150,99.99
"Walking Pad with Incline, Under Desk Portable Foldable Treadmill for Home Office, Walking Pad 4 in 1 for Walking Running, 2.5HP Compact Small Treadmill with Remote Control",4.2 out of 5 stars,"1,518",139.99
"Walking Pad with Incline, Under Desk Treadmill with 2 Control Options, Ultra Slim Design and Double Shock Absorption, LED Display, Powerful and Quiet Treadmill for Walking/Jogging",4.5 out of 5 stars,357,179.99
"Treadmills for Home, Walking Pad with Handle Bar, Portable Foldable Treadmill, Lightweight Folding Treadmill with 300 LBS Capacity, 3.0 HP Walking Pad with LED Display",5.0 out of 5 stars,3,189.99
"2 in 1 Treadmill, Walking Pad With Remote Control LED Display, Portable for Home/Office, 2.5HP Folding, 265lbs Weight Capacity",4.4 out of 5 stars,234,169.99
"Egofit Walker Pro/Plus Smallest Under Desk Treadmill Walking Pad, Small & Compact Walking Treadmill with Fixed 5% Incline to Fit Desk Perfectly and Home & Office with APP & Remote Control",4.5 out of 5 stars,"1,076",399.99
"Walking Pad, Under Desk Treadmill, Mini Portable Treadmill with App and Remote Control, 2.2 HP Quiet Walking Jogging Machine for Office Home Use, 250 Lbs Capacity",4.6 out of 5 stars,142,129.99
"Walking Pad Treadmill with Incline, Portable Under Desk Treadmill with Incline, 2.5HP Folding Treadmills for Home Small Spaces Office, 300 lb Capacity",5.0 out of 5 stars,31,109.99
"WELLFIT Walking Pad Treadmill with 10% Incline for Home, Quiet Standing Under Desk Treadmills for Walking Jogging, Works for APP/Voice Control/Remote Control, 265 LBS Load Capacity",4.4 out of 5 stars,409,189.99
"ANCHEER Walking Pad Under Desk Treadmill, 3 in 1 Portable Folding Treadmills for Home 300 lbs Weight Capacity, 2.5HP Quiet Compact Walking Jogging Running Machine with Remote Control and LED Display",5.0 out of 5 stars,23,99.99
"Walking Pad with 9% Incline, SYSURO Foldable Treadmill with Safety Handle Bar, One-Touch HIIT Mode, Walking, Jogging or Running for Home Office, No Assembly Required, Remote Control & LED Display",3.5 out of 5 stars,12,169.99
"Health & Fitness Non-Slip Home Gym Mat 55x24– Workout Floor Protection Pad Mat for Walking pad, Treadmill, Bike and Exercise Equipment, for Carpet Floors Protection,Noise Shock Absorption,Stationary",4.8 out of 5 stars,16,25.99
"UREVO Under Desk Treadmill, Walking Pad 2 in 1 for Home/Office, Portable Walking Pad Treadmill with Remote Control, LED Display",4.2 out of 5 stars,"4,073",138.64
"Walking Pad with Incline,2 in 1 Walking Pad for Walking Running Jogging,Walking Pad Treadmill with 5% Manual Incline,36 Pounds Under Desk Treadmill for Home Office with LED Display",3.8 out of 5 stars,117,149.99
"WELLFIT 2025 Smart Walking Pad with 10% Incline - Under Desk Treadmill, 4 MPH/7.6 MPH Speed, 265/340 lbs Capacity, Wide Running Area, APP Control, Mute Remote, (with/Without Handle Bar Option)",4.3 out of 5 stars,300,209.99
"UREVO Walking Pad Treadmill with Adjustable Desk, Foldable Treadmill with Incline, Folding Treadmill Desk, Walking Pad with Handle Bar, UREVO SmartCoach App, Remote Control, 265 Lbs Capacity",4.5 out of 5 stars,72,459.99
"UREVO Foldable Treadmill Mat, Exercise Bike Mats for Home Gym Workout, Waterproof Non-Slip Exercise Equipment Mat Floor Protector for Indoor Cycles, Rowing Machine, Elliptical",4.5 out of 5 stars,443,32.39
Lichico Walking Pad Under Desk Treadmill，Portable Small Treadmills for Home and Office，Super Quiet Brushless Motorized Walking Jogging Running Machine with Remote Control,4.1 out of 5 stars,730,244.99
"DeerRun 3 in 1 Walking Pad Treadmill, 300 Weight Capacity Foldable Treadmill, 3.0HP Low Noise Under Desk Treadmills for Home Office with Remote & APP",4.4 out of 5 stars,296,229.99
Exerpeutic 400 Lb. Capacity Heavy-Duty Walking/Jogging Exercise Treadmill - Home Gym Workout Equipment - Foldable Under Desk Design,4.0 out of 5 stars,"1,362",259
"Treadmill Walking Pad Mat for Carpet Floors 68x24,1/4“Thick Treadmill Mat for Hardwood Floors,Mat for Under Treadmill/Indoor Bike on Carpet,Foldable Exercise Equipment Mat, Noise Shock Absorption",4.6 out of 5 stars,158,35.99
"Exerpeutic Senior Fitness Recovery Treadmill, Full Length Safety Rails",4.3 out of 5 stars,251,459
"Walking Pad Under Desk Treadmill for Home Office Small Spaces with Incline, 3 in 1 Portable Mini Walking Jogging Running Compact 2.5 HP Machine",4.3 out of 5 stars,456,199.49
"WALKINGPAD C2 Folding Walking Pad, Under Desk Treadmill for Home/Office, Portable Walking Treadmill Ultra Slim Walking Jogging Machine Remote Control LED Display",4.5 out of 5 stars,25,499
"Sunny Health & Fitness Slim Under Desk Walking Compact Treadpad Treadmill with Remote Control, Digital Display, Shock Absorption, Optional Trekking Poles, Free SunnyFit App Bluetooth Connectivity",4.0 out of 5 stars,877,369.99
"Walking Pad Treadmill, Under Desk Treadmill with Incline for Home/Office, 2 in 1 Folding Treadmills with APP/Remote Control and LED Display, 0.6-7.6 MPH 340 lbs Capacity",N/A,N/A,269.99
"2 in 1 Foldable Treadmill for Home, Under Desk With 12 HIIT Modes, Workout APPs and Touch Screen, 2.5HP Walking for Home Office, 265lbs Capacity, Installation-free",4.3 out of 5 stars,167,254.96
"Benef 3.0HP Folding Treadmill with Adjustable Desk & Bluetooth Speaker - Portable, Quiet, and Compact Running Machine for Home Office, Walking, Jogging (300 lbs Capacity)",5.0 out of 5 stars,5,319
"Small Walking Pad for Home and Office, Portable Under Desk Treadmill with Fixed 7% Incline and Adjustable 2% Incline, 300LBS Capacity",4.5 out of 5 stars,58,269.99
"Treadmill with Incline, Walking Pad Foldable Treadmills for Home with 2.5HP, Speed 6.2-7.6MPH Walking Pad with Handle Bar, Remote Control and LED Display",4.4 out of 5 stars,772,199.99
"Folding 3 in 1 Walking Pad Treadmill with Handle Bar & Incline, 300 lb Capacity, Portable Under Desk Treadmill, 2.5HP, 2 in 1 Treadmills for Home Small Spaces Office",4.9 out of 5 stars,54,179.99
UMAY A512,3.8 out of 5 stars,340,99.99
"Goplus 2 in 1 Folding Treadmill with Dual Display, 2.25HP Superfit Under Desk Electric Pad Treadmill, Installation-Free, Blue Tooth Speaker, APP Control, Remote Control, Walking Jogging for Home",4.3 out of 5 stars,"2,358",335.99
"DeerRun Walking Pad, 2025 Smart Under Desk Treadmill, Treadmills for Home/Office, 2 in 1 Walking Pad Treadmill with LED Dispaly & Remote Control, Small Treadmill for Small Spaces",4.3 out of 5 stars,432,159.99
"GOYOUTH 2 in 1 Under Desk Electric Treadmill Motorized Exercise Machine with Wireless Speaker, Remote Control and LED Display, Walking Jogging Machine for Home/Office Use",4.1 out of 5 stars,"1,955",289.99
"THAILE Walking Pad Treadmill with Handle Bar, 3 in 1 Folding Walking Pad, PortableTreadmill for Home Office with 330lbs Capacity, Bluetooth, App and Remote Control, 4/6mph",4.2 out of 5 stars,341,179.97
"CIIHI Foldable Walking Pad Treadmill Mat - Exercise Equipment Mat with High Rebound of Protecting Floor, Reduce Noise and Vibration, Anti-Slip for Home Workout",4.5 out of 5 stars,117,24.99
"Redliro Walking Treadmill with Long Handrails - Treadmill for Seniors 300 lbs Capacity - Foldable, Lightweight with Wheels, Cup & Phone Holder - Recovery Machine for Home | Apartment",4.8 out of 5 stars,30,359.99
"DeerRun Walking Pad 2 in 1 Under Desk Treadmill, 2.2HP Low Noise Walking Pad Running Jogging Machine with Remote Control for Home Office, Lightweight Portable Desk Treadmill Installation Free",4.2 out of 5 stars,"2,904",139.99
"Under Desk Treadmill for Home and Office - 320lbs Weight Capacity, Quiet, Efficient, Walking Pad, Four LED Display, Space-Saving Portable Jogging Machine with Remote Control",4.2 out of 5 stars,63,269.99
"Treadmill for Home, Treadmill with Handles, 3.0HP Portable Foldable Treadmills for Home,Walking Pad Treadmill with Handle Bar, Folding Compact Treadmill for Small Space,LED Dispay, 300LBS Capacity",4.3 out of 5 stars,56,189.99
"Walking Pad Treadmill with Incline, 2 in 1 Portable Under Desk Treadmills for Home/Office with Low Noise, Remote Control and LED Display, Folding Walking Pad Wih Bluetooth Speaker, App",5.0 out of 5 stars,3,219.89
"Walking Pad with Incline, Walking Pad Treadmill for Home Office, Upgraded 3.5 HP Under Desk Treadmill 330Lbs Capacity, 4 in 1 Portable Desk Treadmill with Remote Control and APP, LED Display",4.1 out of 5 stars,158,219.99
"DeerRun 3 in 1 Under Desk Walking Pad Treadmill, 3.0HP Low Noise Portable for Home & Office, 300LBs Weight Capacity Folding With Remote Control & Smart APP",4.4 out of 5 stars,274,239.99
"Treadmill for Home, Under Desk Treadmill, Compact Walking Pad with Handle Bar, 3.0HP Quiet Motor, LED Display & Removable Desk Workstation, Running Machine for Home, 320 LBS Capacity",N/A,N/A,249.99
"Versatile Walking Pad with Incline - Dual-Sided Under Desk Treadmill with Foot Massage,Portable Compact Treadmills with 330LBS Weight Capacity,2 in 1 Walking Treadmill for Home/Office-Classic",4.5 out of 5 stars,2,219.99
"COZYINN 10% Incline Waking Pad - 2.5 HP Under Desk Treadmills for Home, 3 in 1 Portable Walking Jogging Running Machine 29lbs Lightweight for Easy Move, Work with Kinomap Wellfit APP",4.3 out of 5 stars,346,149.99
"DeerRun Treadmills for Home, 3.5HP Folding Treadmill with Incline, 350 LBS Weight Capacity, Compact Portable Treadmill for Small Space Walking Jogging Running",4.1 out of 5 stars,238,309.99
"ANCHEER Walking Pad Treadmill with Auto Incline, 9% Incline 2.5HP Under Desk Tredamill with Remote Control for Home Office, LCD Display/300LBS Weight Capacity/8 Adjustable Slopes",4.8 out of 5 stars,34,169.99
"Foldable Walking Pad with Auto Incline, Under Desk Treadmills for Home with 15% Incline, 2 in 1 Treadmill with Remote Control, Incline Walking Pad Treadmill with HIIT Modes, Low Noise",4.4 out of 5 stars,101,429.99
"Walking Treadmill with Long Handrail for Balance, Recovery Fitness Exercise Machine Foldable for Home use with Holder for Phone & Cup,LCD Display, 300 lbs Capacity",5.0 out of 5 stars,1,116
"Redliro Treadmill for Seniors with Long Handrails - Flat 0% Incline Recovery Walking Treadmill with Desk, Cup Holder & Wheels - 300 lbs Capacity for Home Exercise (Glossy Black)",4.8 out of 5 stars,10,351.49
Goplus 1100W Folding Treadmill Electric Motorized Power Fitness Running Machine w/Support,3.8 out of 5 stars,"4,921",149.99
"Under Desk Treadmill With Incline, 300lbs Walking Pad With Handle Bar & Remote Control, 2.5HP Folding for Home/Office, Installation-Free Jogging Running Electric Machine",4.4 out of 5 stars,198,239.99
"Foldable Treadmill with Incline-Walking Pad with Handle Bar-Portable Walking Pad Treadmill 300+ lb Capacity-Under Desk Treadmills, 4 in 1 Running Machine LED Display/Dual Control",4.2 out of 5 stars,46,169.99
"Folding Treadmill with Incline,4 in 1 Foldable Walking Pad with Handle Bar,Under Desk Treadmill for Home Office,Walking Pad 300LBS Weight Capacity/Dual Control/LED Display",3.9 out of 5 stars,81,219.99
"DeerRun 3 in 1 Folding Treadmills for Home, 3.0HP Powerful and Quiet Under Desk Treadmill, 300 lbs Capacity Foldable Walking Pad Treadmill with Remote Control and Space Saving, Free Installation",4.2 out of 5 stars,326,209.99
"ANCHEER Folding Treadmill with Incline, 2.5HP Under Desk Treadmill for Home, 300lbs Low Noise Walking Pad with Remote Control and Handle Bar,Installation-Free",4.5 out of 5 stars,77,239.99
"SCS WalkingPad Denise Austin Collapsible Exercise Treadmill with Double Fold Technology, Ideal for Home Gym Fitness Enthusiasts and Small Spaces",3.6 out of 5 stars,27,599
"REDLIRO Under Desk Treadmill 2 in 1 Walking Pad, Portable, Folding, Electric, Motorized, Walking and Jogging Machine with Remote Control for Home and Office Workout",4.3 out of 5 stars,28,209.99
"REDLIRO Under Desk Treadmill 2 in 1 Walking Pad, Portable, Folding, Electric, Motorized, Walking and Jogging Machine with Remote Control for Home and Office Workout",4.0 out of 5 stars,88,209.99
"GTRACING Walking Pad Under Desk Treadmill for Home, Portable Treadmill with Remote Control, Jogging Machine 300 lbs Weight Capacity",4.6 out of 5 stars,14,129.99
"Marcy Fitness Equipment Mat and Floor Protector Compatible for Treadmills, Elliptical, Exercise Bikes, Stationary Cycles and Accessories",4.6 out of 5 stars,"4,297",35.99
"GTRACING Standing Desk Adjustable Height & Tiltable Tabletop, Small Mobile Computer Table for Laptop, Portable Home Office Desk for Stand Up Work and Walking Pad Treadmill, Height 30.7""-46.4"", White",4.4 out of 5 stars,137,58.49
"SupeRun Walking Pad, Under Desk Treadmill, 3 in 1 Portable Treadmill with Remote Control LED Display, 2.5 HP Quiet Walking Jogging Machine for Office Home Use, 250 Lbs Capacity",4.2 out of 5 stars,33,129.99
"Miden Treadmill Desk Attachment, Universal Treadmill Laptop Desk, Treadmill Laptop Holder, Ergonomic Platform for Notebooks, Tablets, Laptops, Workstation for Treadmill Handlebars up to 36 inches",4.6 out of 5 stars,321,50.95
"FYC Folding Treadmill with Handles, Treadmills for Home Small Spaces, 2.5HP Foldable Treadmills with LED Display, 300 LBS Capacity, Walking Pad Treadmill with Handle Bar",5.0 out of 5 stars,2,299.99
"Portable Treadmill Desk, Adjustable Height, Wheeled, Compatible with Treadmill, Suitable for Laptops & Tablets",4.3 out of 5 stars,72,64.49
UMAY C1,4.3 out of 5 stars,263,179.99
"Ksports Walking Pad & Folding Treadmill – 2.5HP, Sit-Ups Mat, Bluetooth App, Portable Wheels | Incline, Desk, Dual Displays, 308 lbs & 265lbs Capacity",4.4 out of 5 stars,124,329.89
"Walking Pad, Under Desk Treadmill, Walking Pad Treadmill for Home Office, 2.25HP Portable Treadmill with 220lb Capacity, Walking treadmill with Remote Control/App Control LED Display",4.4 out of 5 stars,160,175.99
"FYC Walking Treadmill for Seniors with Extended Handrails & Deck, Composite Shock-Absorbing Treadmill for Seniors, Optional APP Control, 300 LBS Capacity",4.8 out of 5 stars,10,469.99
"Saillong Treadmill Remote Control Replacement, Walking Pad Remote Replacement Only Compatible with Walking Pad Q1",3.2 out of 5 stars,35,17.99
"Treadmill Walking Pad Mat,63""x25.6"",75""x30"",1/4"" Thick Exercise Bike Mats for Carpet/Hardwood Floors,Mat for Under Treadmill/Rowing on Carpet,Foldable Exercise Equipment Mat,Noise Shock Absorption",4.5 out of 5 stars,93,35.99
"Treadmill Desk Attachment, 36 Inches Tread Tray Workstation Handlebars Platform with Laptop Holder, Cup Tablet Holder, Ergonomic Stand with Cooling Holes(Black)",4.4 out of 5 stars,77,45.66
"WalkingPad Treadmill Mat Non Slip Carpet Mat Anti-Skid Quiet Exercise Workout Gym Sport Fitness Accessory for Fitness Equipment (The Product Contains MATS only, not Treadmills)",4.8 out of 5 stars,95,49.99
"Treadmill Mat, 5'x2.5'/5.6'x2'/6.5'x3'/8'x3',6mm Thickness Exercise Equipment Mat for Carpet Hardwood Floors, Compatible with Walking Pad,Spin Bike,Elliptical Trainer,Rowing Machine",4.6 out of 5 stars,403,25.99
"ABBER Foldable Treadmill Mat,Bike Mat Compatible with Peloton Bike,Walking pad Mat, 6mm Thick, 63"" x 30"" for Hardwood Floor Carpet,Exercise Stationary, Elipitial, Home Gym Workout Equipment Mat",4.4 out of 5 stars,35,25.98
Remote for TODO Under Desk Treadmill,3.5 out of 5 stars,34,29
"Portable Walking Treadmill for Home Office-Compact Mini Treadmill with 12 HIIT Modes, Walking Jogging Machine with 2.5HP, LED Display.",4.0 out of 5 stars,49,189.99
"THERUN Walking Pad Treadmill Under Desk, Portable Mini Treadmill for Home/Office, Walking Pad Treadmill 2.5HP, Walking Jogging Machine with 265 lbs Weight Capacity Remote Control LED Display",4.4 out of 5 stars,433,129.99
Treadmill Safety Waist Belt,4.4 out of 5 stars,80,62.99
"Treadmill (Running Belt) Walking Belt Compatible with NordicTrack C300,C700,C850I,Part Number 350009,(Applicable Models Please Refer to The List)",3.8 out of 5 stars,8,109.99
WALKINGBELTS Walking Belts LLC - PFTL710130 ProForm Cardio Strong Treadmill Walking Belt +1oz Lube,5.0 out of 5 stars,4,N/A
"Walking Belts LLC - Custom Made Belt 20"" x 128"", 361797 Treadmill Walking Belt + Free 1oz Lube",2.6 out of 5 stars,2,N/A
Walking Belts LLC - TechnoGym Run Now 700 DAKxxx Treadmill Walking Belt 2ply + Free 1oz Lube,N/A,N/A,N/A
"Walking Pad with Handle Bar, Walking Pad Treadmill 300 lb Capacity Under Desk Treadmill, Walking Treadmills for Home Small, Mini Foldable Treadmill with Remote Control",4.2 out of 5 stars,222,299.99
"Sunny Health & Fitness Non-Slip Home Gym Mat – Workout Floor Protection Foam Pad for Treadmill, Bike, Elliptical, Yoga and Exercise Equipment or Standing Desk in 4 Size Options",4.6 out of 5 stars,"26,339",39.99
"Walking Pad with Handle Bar, Walking Pad Treadmill 300 lb Capacity, Under Desk Portable Foldable Treadmills for Home",5.0 out of 5 stars,3,169
"ProIncline Foldable Treadmill with Fixed 6%,Walking Pad with Handle Bar 3 Level Incline,300 Lbs Capacity Under Desk Treadmill for Home Office with LED Display & Remote Control & APP",4.7 out of 5 stars,4,219.99
"WELLFIT 2025 Smart Walking Pad with 10% Incline - Small Under Desk Treadmill for Home, 4 MPH Speed, 265 lbs Capacity, APP Control, Mute Remote,Lightweight & Portable, Easy to Move, No Installation",4.3 out of 5 stars,417,149.99
WALKINGBELTS Walking Belts LLC - PFTL59117C1 Proform Premier 500 Treadmill Walking Belt 1ply + Free 1oz Lube,N/A,N/A,N/A
"Superun Walking Pad, Mini Walking Pad Treadmill, Treadmills for Home & Office, Under Desk Treadmill, Small Portable Walking Treadmill with Remote & Smart APP, 200-300 Lbs Capacity",4.4 out of 5 stars,271,139.99
WALKINGPAD X21 Foldable Treadmill Smart Double Folding Walking Pad and Running Machine Fitness Exercise Gym Alternative 1.0-7.5MPH Support NFC LED Display Black,4.4 out of 5 stars,186,799.2
"Lifepro Small Walking Pad Treadmill – Adjustable Incline to Burn Calories Portable, Compact & Under-Desk Work Design Mini Treadmill for Jogging & Running for Home & Office Fitness, Easy-to-Store.",4.5 out of 5 stars,68,339.99
"Walking Pad with Incline, Walking Pad Treadmill 300lb Capacity, Under Desk Treadmill Works with KINOMAP WELLFIT, 2.5HP Running Pad Small Treadmill for Home Office Apartment",4.4 out of 5 stars,328,149.9
"Treadmill (Running Belt) Walking Belt Compatible with Precor C954/C956/C966,Part Number PPP000000036355138, 36355138(Applicable Models Please Refer to The List)",N/A,N/A,139.99
"GORISE Walking Pad, Under Desk Treadmills for Home, Walking Pad with APP, Treadmills with Remote Control and LED Display, 3 in 1 Portable Walking Treadmill, Shock Absorption Design, 300 Lbs Capacity",3.8 out of 5 stars,69,129.99
"THERUN Walking Pad Treadmill Under Desk, Portable Mini Treadmill for Home/Office with 2.5HP and 265 lbs Weight Capacity Remote Control LED Display",N/A,N/A,119.99
"Walking Pad Treadmill,Under Desk Treadmill with Incline, Portable Treadmills for Home Office, APP/Remote Control, 300+ lb Capacity",4.6 out of 5 stars,26,119.99
"HomeFitnessCode Walking Pad Treadmill 2 in 1, Under Desk Treadmill Portable for Office & Home, Wide Running Belt, Remote Control, LED Display, 300 Lb Capacity",4.3 out of 5 stars,"1,418",109.99
CS-WP6,4.3 out of 5 stars,508,214.57
"WELLFIT Walking Pad Treadmill with 10% Incline, Under Desk Treadmills for Home Office, Portable Small Walking Pad with Remote Control, 265 lbs Capacity, 2.5HP, Work with KINOMAP Apple Health",4.3 out of 5 stars,504,149.89
"INMAKER Treadmill Desk Attachment, Universal Treadmill Laptop Holder Adjustble Height Width, Aluminum Laptop Stand for Treadmill with Tray Black",4.4 out of 5 stars,57,99.99
"Walking Pad with Incline, Under Desk Treadmill, Portable Treadmills for Home Office, 4 in 1 Walking Running Machine Manual Incline, Compact Treadmill 265LB Capacity with Remote Control",4.3 out of 5 stars,"1,230",147.99
"TOBWOLF 6PCS Treadmill Mat Pads, 4"" x 4"" x 0.2"" Double-Sided Non-Slip Exercise Equipment Mat for Floor Protection, High Density Silicone Anti Vibration Pad for Treadmill, Walking Pad, Exercise Bike",4.3 out of 5 stars,27,13.49
"RHYTHM FUN Foldable Treadmill, 300 lb Capacity Walking Pad 2.5HP Treadmill Under Desk, Portable Treadmill for Home and Office, Folding Treadmill 2 in 1 with Remote Control, LED Display",4.2 out of 5 stars,864,179.99
"Walking Pad Treadmills Under Desk, Home Treadmill 265/300/320+lbs Capacity, 3%/5%/10%/12% Adjustable Incline, Portable Treadmill for Upright Store, Smart Treadmill with Preset Programs, Real Sceneries",4.3 out of 5 stars,267,179.99
"Walking Pad Treadmill, Under Desk Treadmill with Incline for Home Office, 2.5 HP Compact Portable Mini Treadmills Save Space, 2 in 1 Small Walking Pad LED Display, 300 lb Capacity",N/A,N/A,139.99
UMAY R,3.8 out of 5 stars,341,99.99
"GYMAX Walking Pad, 2.25HP Dual Display Foldable Treadmill for Home with Remote/Smart App Control, Portable Compact Treadmill for Office Under Desk, Folding Running Machine for Small Spaces",4.2 out of 5 stars,"2,015",335.99
"Treadmill with Incline, 2.5 HP Folding Treadmills for Home with 300 lbs Capacity, Portable Walking Pad Treadmill with Desk Work Station, App, Cup & Phone Holder",N/A,N/A,319.99
Treadmill Walking/Running Pre-Lubricated Belt fits Certain NordicTrack C 900*,5.0 out of 5 stars,1,149
"DeerRun Walking Pad 2 in 1 Under Desk Treadmill, 2.5HP Low Noise Walking Pad Running Jogging Machine with Remote Control for Home Office, Lightweight Portable Desk Treadmill Installation Free",4.2 out of 5 stars,385,149.99
"Walking Pad Treadmill, 2-in-1 Desk Under Treadmills with Handle Bar, 2.5HP Foldable Walking Pad, 300lbs Capacity, 15"" Wide Running Belt, Remote Control, LED Display for Home/Office (Gray)",4.7 out of 5 stars,7,174
"4 In 1 Foldable Walking Pad Treadmill with Incline and Handle Bar, 2.5HP with Dual Display and Mute Remote, Under Desk Treadmills for Home with App Bluetooth Folding Treadmill for Small Space",5.0 out of 5 stars,44,314.99
"SereneLife Walking Pad Treadmill with Remote Control, 0.6 – 8.7 MPH Smart Speed Control, Walking Mat, Under Desk Treadmill for Home Office, Shock Absorption, App Support, 265lbs Limit",4.3 out of 5 stars,50,239.9
"Walking Pad Treadmill with Handle bar, 3.0HP Small Foldable Treadmills for Home with APP Remote Control and LED Display, 7.5MPH Portable Treadmill 300 Lbs Capacity",5.0 out of 5 stars,21,179.99
"6 Pcs Walking Pad Mat with High Density Rubber for Protect Floors, Noise Reduction, Prefect for Portable Walking Pad Treadmill for Home, Non Slip, Anti Vibration",4.4 out of 5 stars,30,16.99
"Reebok Fitness Jet 100z, Jet 300 Treadmill: Bluetooth Compatible Incline Treadmill for Home Gym Training, Foldable for Easy Storage, Hand Pulse Sensor",3.8 out of 5 stars,45,"1,279.99"
"Small Standing Desk Adjustable Height, Mobile Stand Up Desk with Wheels, 32 Inch Portable Rolling Desks for Walking Pad Treadmill Black",4.6 out of 5 stars,133,59.99
"FUNMILY Incline Walking Pad Treadmill with Handle Bar,4 in 1 Under Desk Treadmills for Home,300lb Capacity,2.5HP Folding Compact Treadmills with Remote Control,LED Touch Screen,Electric Machine",4.9 out of 5 stars,36,169.99
WALKINGBELTS Walking Belts LLC - Horizon T700 S/N: TM306 Treadmill Walking Belt + Free 1 oz. Lube,N/A,N/A,N/A
"VEVOR Walking Pad with Handle Bar, Under Desk Treadmill for Home Office, 2.5HP Walking Jogging Running Machine, Speed 6.2-7.6MPH Folding Treadmill, with Remote Control and LED Display",4.3 out of 5 stars,13,149.99
"SupeRun Walking Pad, Under Desk Treadmills for Home and Office Small Space, 2.5 HP Portable Mini Jogging Machine with APP and Remote Control and LED Display, 300 Lbs Capacity",4.4 out of 5 stars,347,149.99
"Walking Pad Treadmill with 15% 9° 8 Level Auto Incline, 2-in-1 Under Desk Foldable w/Remote Control, 12 HIIT Mode, 450 Lbs Max, 7.6 MPH Max, Portable Mini Treadmill for Office Home",4.3 out of 5 stars,148,399.99
"Walking Pad Treadmill, Under Desk Treadmill, Low Noise, 2.5 Hp with Maximum Capacity of 265 Lbs Treadmills for Home & Office, Walking Jogging Running Machine.",5.0 out of 5 stars,6,112.89
"Treadmills for Home, Treadmill with 0-15% Auto Incline, 3HP Folding Treadmills for Running Walking with 300LBS Weight Capacity, Incline Treadmill Equipped with Bluetooth & Pulse Monitor",4.4 out of 5 stars,321,419.99
"SupeRun Walking Pad, Under Desk Treadmill, 3 in 1 Portable Treadmill with Remote Control LED Display, 2.5 HP Quiet Walking Jogging Machine for Office Home Use, 302 Lbs Capacity",4.1 out of 5 stars,51,139.99
"Walking Pad Treadmill, 2.5HP Under Desk With Remote Control & LED Display, Quiet for Compact Space, Portable for Home Office Use",4.3 out of 5 stars,"1,395",129.99
"SubSun 3 in 1 Folding Treadmill, Walking Pad with Handle Bar and Incline, Under Desk Treadmill 2.5HP, Mini Jogging Walking Machine with 265 lbs Weight Capacity for Home Office, Remote Control",4.5 out of 5 stars,55,159.99
WALKINGBELTS Walking Belts LLC - Smooth 5.65S Treadmill Walking Belt + Free 1oz Lube,5.0 out of 5 stars,1,N/A
"ANCHEER 4 in 1 Under Desk Treadmill with Incline - 2s Folding/Max 300 lb Capacity Walking Pad - Compact Electric Treadmill for Home, Gym, or Office with LED Touch Screen and Remote Control",4.8 out of 5 stars,38,199.99
Mobvoi Home Treadmill Walking Pad/SE/Plus 3 in 1 Folding Treadmill Walking Pad 2.5 HP Compact Running Walking Machine with Remote Control for Home Office 265 LBS 7.6 MPH,4.3 out of 5 stars,605,247.98
AC Power Cord for Vibration Plate Walking Pad Treadmills Ellipticals Fitpulse Lifepro Hurtle Fitness Universal 3 Prong Power Cable Replacement 3 Feet,4.7 out of 5 stars,65,6.99
"VTORY Durable Treadmill Mat - Protect The Floor, 68x24, 1/4"" Thick, Non-Slip and Shock and Noise Reduction Mat Under Treadmill/Bike, Lightweight Rubber Flooring Mat for Exercise Equipment at Home",4.4 out of 5 stars,46,29.99
Stamina Inmotion T900 Manual Treadmill - Foldable Fitness Treadmill with Smart Workout App - Non-Motorized Treadmill for Home Workout - Up to 225 lbs Weight Capacity,3.3 out of 5 stars,585,186.99
"Treadmill (Running Belt) Walking Belt Compatible with Horizon RST5.6,Model TM212",4.8 out of 5 stars,23,96.99
